Etunimi,Lukumäärä
Juha,"43,620"
Timo,"42,688"
Matti,"38,686"
Kari,"37,779"
Mikko,"37,580"
Jari,"36,981"
Antti,"36,289"
Mika,"33,177"
Jukka,"32,650"
Markku,"30,942"
Pekka,"29,627"
Hannu,"28,000"
Janne,"27,393"
Heikki,"26,630"
Sami,"26,193"
Ari,"26,095"
Ville,"25,716"
Marko,"24,856"
Seppo,"24,782"
Petri,"23,803"
Jani,"22,619"
Lauri,"22,131"
Teemu,"20,150"
Harri,"19,181"
Erkki,"18,148"
Jorma,"18,047"
Jussi,"17,728"
Jarmo,"17,680"
Pasi,"17,652"
Jaakko,"17,304"
Eero,"17,098"
Juho,"17,088"
Pentti,"17,002"
Niko,"16,922"
Toni,"16,641"
Risto,"16,629"
Jouni,"16,140"
Esa,"16,046"
Aleksi,"15,780"
Markus,"15,749"
Arto,"15,500"
Raimo,"15,435"
Tomi,"15,398"
Tuomas,"15,372"
Vesa,"14,751"
Olli,"14,749"
Pertti,"14,496"
Joni,"14,485"
Kimmo,"14,410"
Tommi,"14,265"
Martti,"13,930"
Reijo,"13,929"
Tero,"13,689"
Jouko,"13,604"
Veikko,"13,264"
Joonas,"13,233"
Eetu,"13,188"
Leo,"12,962"
Henri,"12,708"
Esko,"12,185"
Elias,"12,172"
Jarkko,"11,159"
Jesse,"11,118"
Kalle,"11,050"
Joona,"10,968"
Ilkka,"10,792"
Eino,"10,719"
Mikael,"10,638"
Onni,"10,492"
Matias,"10,048"
Jere,"10,005"
Tuomo,"9,950"
Paavo,"9,735"
Juuso,"9,705"
Pauli,"9,546"
Leevi,"9,532"
Tapio,"9,216"
Arttu,"9,003"
Joel,"8,875"
Veli,"8,477"
Jyrki,"8,413"
Väinö,"8,349"
Simo,"8,333"
Daniel,"8,285"
Niklas,"8,285"
Lasse,"8,091"
Otto,"7,936"
Aki,"7,923"
Riku,"7,892"
Oliver,"7,830"
Keijo,"7,828"
Kai,"7,693"
Veeti,"7,691"
Miika,"7,470"
Niilo,"7,397"
Juhani,"7,393"
Toivo,"7,354"
Valtteri,"7,310"
Jarno,"7,239"
Rasmus,"7,163"
Jan,"7,000"
Mauri,"6,930"
Anton,"6,691"
Emil,"6,537"
Roope,"6,378"
Oskari,"6,105"
Santeri,"6,016"
Rauno,"5,989"
Samuel,"5,934"
Miro,"5,875"
Aapo,"5,819"
Atte,"5,818"
Ossi,"5,765"
Reino,"5,762"
Kauko,"5,699"
Vilho,"5,690"
Anssi,"5,667"
Aaro,"5,624"
Ismo,"5,577"
Samu,"5,512"
Olavi,"5,482"
Teuvo,"5,456"
Julius,"5,298"
Samuli,"5,287"
Tuukka,"5,228"
Eemeli,"5,132"
Veijo,"5,050"
Lassi,"4,960"
Asko,"4,902"
Kim,"4,894"
Konsta,"4,815"
Eemil,"4,666"
Eeli,"4,660"
Max,"4,641"
Jimi,"4,638"
Roni,"4,626"
Topi,"4,615"
Osmo,"4,611"
Akseli,"4,591"
Alex,"4,490"
Aatu,"4,464"
Kasper,"4,446"
Johan,"4,431"
Viljami,"4,402"
Henrik,"4,293"
Benjamin,"4,289"
Tauno,"4,224"
Vili,"4,204"
Tatu,"4,185"
Miikka,"4,150"
Kalevi,"4,140"
Henry,"4,096"
Johannes,"4,089"
Erik,"4,084"
Lenni,"4,042"
Patrik,"4,033"
Jyri,"4,026"
Saku,"3,956"
Aimo,"3,953"
Oiva,"3,934"
Hugo,"3,927"
Taisto,"3,895"
Noel,"3,866"
Tarmo,"3,833"
Eelis,"3,825"
Karl,"3,822"
Tapani,"3,803"
Sakari,"3,788"
Tom,"3,788"
Aarne,"3,739"
Viljo,"3,706"
Mauno,"3,686"
Otso,"3,656"
Kristian,"3,646"
Luka,"3,586"
Aaron,"3,582"
Yrjö,"3,571"
Sauli,"3,565"
Ilpo,"3,536"
Topias,"3,501"
Rami,"3,468"
Ahti,"3,410"
Miska,"3,374"
Nooa,"3,363"
Sebastian,"3,359"
Iiro,"3,356"
Veli-Matti,"3,292"
Peter,"3,291"
Jonne,"3,290"
Kaj,"3,263"
Pyry,"3,245"
Kaarlo,"3,232"
Lars,"3,181"
Jami,"3,176"
Alexander,"3,140"
Sampo,"3,109"
Juha-Pekka,"3,095"
Robert,"3,009"
Alpo,"2,997"
Nico,"2,937"
Aatos,"2,921"
Jukka-Pekka,"2,864"
Urho,"2,861"
Unto,"2,860"
Luukas,"2,842"
Arvo,"2,805"
Kyösti,"2,784"
Robin,"2,780"
Alvar,"2,739"
Lucas,"2,736"
Thomas,"2,722"
Peetu,"2,718"
Tony,"2,715"
Jasper,"2,712"
Miko,"2,689"
Teppo,"2,649"
Lukas,"2,645"
Aku,"2,590"
Petteri,"2,564"
Santtu,"2,564"
Ilari,"2,563"
Hans,"2,544"
Sulo,"2,540"
Elmeri,"2,532"
Tomas,"2,528"
Veikka,"2,526"
Aarni,"2,518"
Heimo,"2,472"
Panu,"2,359"
Perttu,"2,352"
Leif,"2,326"
Nuutti,"2,290"
Ilmari,"2,289"
Aulis,"2,286"
Oskar,"2,282"
Carl,"2,253"
Veli-Pekka,"2,220"
Jonas,"2,215"
Juha-Matti,"2,176"
Kaapo,"2,126"
Olli-Pekka,"2,123"
Jooa,"2,079"
John,"2,076"
Harry,"2,043"
Joonatan,"2,036"
Sisu,"2,026"
Christian,"2,004"
Luca,"2,004"
Voitto,"1,966"
Oscar,"1,960"
Milo,"1,958"
Frans,"1,952"
Joakim,"1,912"
Tino,"1,912"
Eemi,"1,885"
William,"1,883"
Justus,"1,882"
Klaus,"1,880"
Kasperi,"1,874"
Ali,"1,869"
Axel,"1,819"
Rainer,"1,813"
Elmo,"1,808"
Severi,"1,804"
Stefan,"1,799"
Terho,"1,799"
Nils,"1,789"
Teijo,"1,778"
Hannes,"1,770"
Paul,"1,770"
Edvin,"1,768"
Lari,"1,765"
Urpo,"1,740"
Antero,"1,732"
Jesper,"1,730"
Anders,"1,727"
Reima,"1,689"
Tommy,"1,656"
Manu,"1,648"
Andreas,"1,603"
Ari-Pekka,"1,597"
Aarno,"1,574"
Arvi,"1,572"
Martin,"1,571"
Marcus,"1,570"
Felix,"1,561"
Karri,"1,550"
Aarre,"1,522"
Vertti,"1,499"
Bengt,"1,498"
Kimi,"1,491"
Jerry,"1,478"
Linus,"1,477"
Erno,"1,474"
Leon,"1,473"
Jori,"1,463"
Adam,"1,450"
Touko,"1,432"
Mohamed,"1,429"
Taavi,"1,423"
Kevin,"1,414"
Taneli,"1,411"
Stig,"1,407"
Mats,"1,391"
Timi,"1,371"
Viktor,"1,370"
Eliel,"1,362"
Rolf,"1,362"
Verneri,"1,348"
Kenneth,"1,339"
Patrick,"1,326"
Jonathan,"1,324"
Simon,"1,309"
Noah,"1,300"
Sven,"1,281"
Michael,"1,264"
Jiri,"1,257"
Iivo,"1,240"
Jari-Pekka,"1,240"
Mico,"1,239"
Casper,"1,229"
Fredrik,"1,222"
Ralf,"1,219"
Björn,"1,206"
Rauli,"1,188"
Kurt,"1,176"
David,"1,166"
Tobias,"1,163"
Tenho,"1,162"
Kalervo,"1,161"
Eerik,"1,138"
Liam,"1,138"
Juhana,"1,132"
Per,"1,096"
Raine,"1,092"
Niki,"1,089"
Bo,"1,088"
Tuure,"1,086"
Artturi,"1,071"
Dan,"1,042"
Teo,"1,042"
Tiitus,"1,026"
Mathias,"1,025"
Magnus,"1,022"
Ahmed,"1,006"
Kosti,"1,001"
Elia,"1,000"
Sampsa,998
Ulf,995
Jan-Erik,978
Venni,977
Victor,971
Albert,967
Gabriel,965
Sasu,963
Joose,956
Aamos,933
Niila,928
Ukko,924
Jalo,920
Ville-Veikko,918
Visa,917
Jens,908
Jose,902
Erkka,901
Heino,892
Armas,882
Noa,879
Iikka,878
Christer,873
Filip,871
Jeremias,865
Rafael,862
Nikolas,861
Oula,860
Okko,854
Petrus,850
Antton,845
Allan,829
Paulus,822
Aleksanteri,821
Mio,809
Kjell,808
Taito,803
Iivari,798
Vincent,797
Niclas,796
Roger,795
Auvo,785
Marco,782
Theo,782
Krister,779
Amos,778
Valto,773
Ilmo,772
Jonatan,765
Jimmy,764
Waltteri,760
Mohammad,759
Nicolas,756
Jon,754
Jussi-Pekka,744
Helge,742
Vesa-Matti,740
Adrian,729
Alf,727
Altti,726
Bror,718
Neo,717
Andrei,713
Richard,710
Eevert,707
Eric,705
Kaarle,705
Ilja,689
Isto,682
Mark,674
Jare,669
Johnny,661
Isak,660
Roy,656
Rene,653
Mohammed,646
Turo,632
Göran,624
Aron,623
Tim,623
Jim,621
Ben,616
Dennis,614
Jonni,614
Omar,611
Nicholas,608
Atso,606
Elliot,605
Sam,599
Jarl,586
Kaius,585
Walter,585
Miki,582
Reko,582
Jalmari,581
Hermanni,579
Petja,579
Christoffer,575
Börje,572
Aleksandr,569
Nikolai,568
Elis,559
Jasu,555
Torsti,554
Frank,549
Aapeli,547
Eppu,545
Hemmo,545
Muhammad,540
Vladimir,538
Dani,537
Tor,535
Aksel,530
Eljas,529
Ibrahim,529
Pietari,520
Ivan,515
Aukusti,505
Juri,505
Ville-Pekka,503
Romeo,502
Håkan,494
Mirko,489
Alvin,488
Jaro,488
Vesa-Pekka,486
Valter,485
Amir,484
Veini,484
Arno,479
Pekko,476
Christopher,474
Sergei,472
Arthur,469
Ensio,468
Ruben,464
Bjarne,463
Arne,460
Raino,460
Antti-Jussi,459
Elmer,457
Valo,452
Mustafa,445
Pontus,440
Nikita,438
August,432
Gustav,431
Viljam,430
Alfred,427
Antto,427
Artur,423
Kari-Pekka,423
Pavel,422
Arvid,418
Igor,418
Åke,418
Kauno,416
Ronny,411
Nicklas,410
Maxim,409
Antti-Pekka,407
Abdirahman,406
Roman,406
Arsi,404
Bruno,403
Mattias,402
Joa,399
Einari,398
Guy,397
Into,397
Nestori,397
Jakob,395
Gunnar,392
Ohto,391
Kaspian,390
André,389
Vilppu,389
Albin,388
Denis,388
Samppa,387
Usko,387
Sten,384
Ahmad,382
Joosua,382
Mikke,379
Kent,378
Manuel,377
Edwin,375
Georg,375
Wilhelm,374
Ivar,373
Nino,368
James,367
Aleksei,365
Osku,365
Kristoffer,364
Turkka,362
Edward,361
Wille,356
Boris,354
Maximilian,354
Philip,354
Aake,352
Rune,351
Kuisma,345
Jonny,343
Van,343
Evert,342
Aatto,339
Iisak,338
Jacob,338
Tage,338
Alvari,337
Asmo,337
Pietu,337
Aleksander,336
Anttoni,332
Eeti,332
Marius,332
Miio,332
Mikhail,331
Jack,328
Maksim,328
Abdullahi,325
Dominic,325
Elian,324
Joshua,324
Karo,324
Vihtori,322
Julian,320
Einar,319
Lennart,319
Melvin,319
Karim,317
Mitja,316
Aslak,315
Jason,314
Milton,313
Pete,313
Ville-Petteri,313
Herman,309
Hussein,308
Klas,308
Kasimir,307
Matts,307
Herkko,305
Ian,303
Hassan,302
Iisakki,301
Aleksis,300
Konstantin,300
Yusuf,299
Edvard,298
Oleg,298
Uuno,298
Jean,297
Totti,297
Jake,295
Masi,290
Svante,290
Ville-Matti,289
Levi,286
Ole,286
Asser,285
Esa-Pekka,283
Jari-Matti,283
Hannu-Pekka,282
Erkko,281
Petro,281
Verner,281
Ted,280
Anthony,279
Pirkka,279
Roland,279
Toimi,279
Nikke,277
Joachim,274
Kirill,274
Jasse,272
Ove,272
Benny,271
Eddie,270
Ari-Matti,269
Anselmi,268
Hamza,268
Mertsi,268
Valde,268
Sergey,267
Jaani,266
Rikhard,266
Rony,265
Samir,265
Wiljami,263
Dimitri,260
Jörgen,258
Andrey,257
Leonardo,257
Soini,257
Wilmer,256
Bernt,255
Wäinö,255
Anas,253
Jone,253
Viggo,253
Juho-Pekka,252
Pessi,251
Simeon,250
Sune,249
Miiko,248
Peik,248
Renne,248
Jetro,247
Petter,247
Abdullah,246
Orvo,245
Timo-Pekka,245
Dmitri,242
Alec,241
Matthew,241
Antonio,238
Kuutti,238
Liinus,238
Nemo,238
Leonard,237
Per-Erik,237
Charles,236
Knut,234
Daniil,233
Carlos,232
Maunu,232
Jeremia,231
Berndt,230
Olof,230
Casimir,228
Dick,228
Immo,227
Ismail,227
Artem,225
Hasan,225
Kerkko,225
Ronnie,224
Torsten,224
Said,222
Alexandre,220
Karl-Erik,220
Kare,219
Leonel,219
Mehmet,219
Alexey,218
Gösta,218
Mårten,218
Ola,218
Rico,217
Ernst,216
Mike,216
Isac,215
Lars-Erik,215
Carl-Johan,214
Jermu,214
Olli-Matti,214
Niilas,213
Conny,212
Olle,212
Remi,211
Leino,210
Raul,210
Tristan,209
Khalid,208
Joe,207
Staffan,207
Ville-Valtteri,207
Andrew,206
Benjam,205
Elja,205
Jesperi,205
Dmitry,204
Frej,204
Valentin,204
Amin,203
Kennet,203
Jali,201
Mihail,201
Remu,201
Tore,200
Abdi,199
Ami,199
Aappo,198
Elvin,198
Abdul,197
Jusa,196
Manne,196
Kristo,194
Milan,194
Morris,194
Vilhelm,194
Jani-Petteri,192
Ossian,192
Ron,192
Glenn,191
Hemmi,191
Lionel,191
Birger,190
Jaska,190
Rudolf,190
Luke,189
Muhammed,189
Theodor,189
Colin,188
Mahamed,188
Simo-Pekka,188
Kauri,187
Huugo,186
Joseph,185
Marc,185
Aati,184
Elton,184
Fred,184
Ryan,184
Cristian,183
Eikka,183
Lenny,183
Mohamad,183
Sixten,183
Alfons,182
Caj,182
Charlie,182
René,182
Titus,182
Atro,181
Jarko,181
Micke,181
Zacharias,181
Miklas,180
Sture,180
Otava,179
Sören,179
Uula,179
Aate,178
Nathan,178
Yngve,178
Emir,177
Terno,177
Vidar,177
Elo,176
Ken,176
Sami-Pekka,174
Harald,172
Matteus,172
Sami-Petteri,171
Caspian,170
Ingmar,170
Thor,170
Valtti,170
Verne,170
Kari-Matti,169
Ludvig,169
Bertel,168
Alexi,167
Benjami,167
Rickard,167
Vadim,167
Jaajo,166
Alpi,165
Karl-Johan,164
Saska,164
Josef,163
Werner,163
Sakke,162
Matteo,161
Vladislav,161
Kaino,160
Kosmo,160
Myrsky,160
Rufus,160
Rayan,159
Miiro,158
Valeri,158
Alan,156
Jero,156
Jan-Peter,155
Vinski,155
Juuse,154
Evan,153
Juan,153
Alexei,152
Elvis,152
Jani-Pekka,152
Juho-Matti,152
Zakaria,152
Aarto,151
Eeka,151
Henrikki,151
Hiski,151
Folke,150
Jan-Mikael,150
Kusti,150
Osman,150
Torbjörn,150
Bilal,149
Wiljam,148
Minh,147
Risto-Matti,147
Valle,147
Ahto,146
Ilyas,146
Akusti,145
Eduard,145
Jiro,145
Aale,144
Dante,144
Esa-Matti,144
Gustaf,144
Jeremy,144
Ragnar,144
Yasin,144
Asla,143
Alvi,142
Eevertti,142
Emilio,142
Niko-Petteri,142
Mateo,141
Vikke,141
Abel,140
Miku,140
Saul,140
Adnan,139
Tyko,139
Andre,138
Holger,138
Luis,138
Misa,137
Anttu,136
George,136
Karlo,136
Rauni,136
Sulevi,136
Edgar,135
Eliot,135
Evgeny,135
Mitro,135
Jirka,134
Jyry,134
Thanh,134
Jeri,133
Micael,133
Alexis,132
Janne-Pekka,132
Roberto,132
Timur,132
Werneri,132
Fabian,131
Helmer,131
Kian,131
Ethan,130
Mahdi,130
Matti-Pekka,130
Sammy,130
Havu,129
Md.,129
Tuisku,129
Dylan,128
Juha-Petri,127
Roi,127
Sean,127
Bertil,126
Greger,126
Juhamatti,126
Juska,126
Clas,125
Finn,125
Hampus,125
Stanislav,125
Yahya,125
Kaj-Erik,124
Jasperi,123
Lemmy,123
Timothy,123
Aleks,122
Jaan,122
Juha-Petteri,122
Riku-Pekka,122
Ville-Markus,122
Atlas,121
Chris,120
Md,120
Uljas,120
Matvei,119
Miguel,119
Per-Olof,119
Emre,118
Mikko-Pekka,118
Jeremi,117
Rabbe,117
Tami,117
Emmanuel,116
Kristofer,116
Toomas,115
Weeti,115
Arman,114
Claes,114
Jamiel,114
Nuuti,114
Aksu,113
Oliwer,113
Patric,113
Abbas,112
Deniz,112
Isaac,112
Jouka,112
Malik,112
Måns,112
Riki,112
Valdemar,112
Anatoli,111
Curt,111
Huuko,111
Jaako,111
Pedro,111
Steven,111
Torolf,111
Kullervo,110
Mario,110
Vitali,110
Brian,109
Malte,109
Silvo,109
Carlo,108
Jussi-Petteri,108
Kustaa,108
Selim,108
Dmitrii,107
Jamal,107
Leonid,107
Jakke,106
Muhamed,106
Rudi,106
Sakarias,106
Harto,105
Marlo,105
Melker,105
Rolle,105
Wilho,105
Abdulkadir,104
Aston,104
Dominik,104
Matheo,104
Raoul,104
Asseri,103
Eki,103
Milko,103
Nestor,103
Pär,103
Bo-Erik,102
Eemu,102
Mauritz,102
Stephen,102
Sven-Erik,102
Diego,101
Eerikki,101
Ilya,101
Imran,101
Kalle-Pekka,101
Rio,101
Taavetti,101
Arimo,100
Mehdi,100
Ricardo,100
Riku-Petteri,100
Ruuben,100
Youssef,100
Arian,99
Auno,99
Elijah,99
Mahmoud,99
Musa,99
Nick,99
Valtter,99
Veetu,99
Vilmer,99
Khaled,98
Louis,98
Maximus,98
Mikki,98
Vili-Valtteri,98
Ante,97
Jussa,97
Kenny,97
Pepe,97
Pieti,97
Teodor,97
Ture,97
Ayman,96
Jan-Olof,96
Keimo,96
Tito,96
Claus,95
Jonah,95
Kaspar,95
Miron,95
Uolevi,95
Ilia,94
Jan-Henrik,94
Josua,94
Olav,94
Ray,94
Sander,94
Semi,94
Wili,94
Winston,94
Abdulrahman,93
Damian,93
Emppu,93
Jamie,93
Jerker,93
Ari-Jukka,92
Marlon,92
Niku,92
Ruslan,92
Taha,92
Alarik,91
Egor,91
Jerri,91
Jona,91
José,91
Marek,91
Nils-Erik,91
Sameli,91
Jani-Matti,90
Joni-Petteri,90
Nelson,90
Aki-Petteri,89
Hamid,89
Ilias,89
Reetu,89
Sayed,89
Aabel,88
Carl-Erik,88
Dag,88
Eero-Pekka,88
Lev,88
Akram,87
Joacim,87
Joni-Pekka,87
Mahad,87
Murat,87
Ronald,87
Ammar,86
Caius,86
Lenne,86
Nikolay,86
Urmas,86
Duc,85
Enzo,85
Jooel,85
Joska,85
Kuura,85
Matthias,85
Nicky,85
Pablo,85
Petr,85
Runo,85
Totte,85
Yahye,84
Ahmet,83
Alessandro,83
Aslan,83
Helmeri,83
Ludwig,83
Michel,83
Mikail,83
Quoc,83
Reeti,83
Aram,82
Ekku,82
Justin,82
Morgan,82
Rurik,82
Jordan,81
Karlos,81
Melwin,81
Mohamud,81
Moritz,81
Mostafa,81
Alexandros,80
Armin,80
Eskil,80
Jan-Kristian,80
Jayden,80
Timmy,80
Timofei,80
Andy,79
Anthon,79
Antti-Juhani,79
Mika-Petteri,79
Renny,79
Riko,79
Veli-Jussi,79
Emanuel,78
Ralph,78
Anwar,77
Jerome,77
Junnu,77
Miikael,77
Quang,77
Yousif,77
Antti-Ville,76
Hans-Erik,76
Hjalmar,76
Jan-Eric,76
Joar,76
Jokke,76
Mert,76
Raymond,76
Abdifatah,75
Aiden,75
Andrea,75
Andres,75
Damien,75
Ere,75
Hoang,75
Juho-Antti,75
Marwan,75
Reh,75
Seemi,75
Uno,75
Jyri-Pekka,74
Lennu,74
Mici,74
Nabil,74
Olli-Petteri,74
Otto-Ville,74
Pehr,74
Robi,74
Runar,74
Theodore,74
Darin,73
Hasse,73
Idris,73
Juno,73
Mika-Petri,73
Stephan,73
Tahvo,73
Calle,72
Jan-Markus,72
Jirko,72
Miikkael,72
Tarvo,72
Yousef,72
Amar,71
Anh,71
Antte,71
Arnold,71
Ayub,71
Ebbe,71
Georgios,71
Konrad,71
Nikolaos,71
Ramin,71
Saad,71
Syed,71
Ano,70
Ariel,70
Danil,70
Franz,70
Haidar,70
Halti,70
Julle,70
Launo,70
Marcel,70
Mika-Matti,70
Riku-Matti,70
Seyed,70
Tero-Pekka,70
Yury,70
Brandon,69
Francisco,69
Ilo,69
Mino,69
Zachary,69
Carl-Gustav,68
Jony,68
Mahir,68
Viacheslav,68
Viking,68
Adil,67
Diar,67
Harri-Pekka,67
Juho-Petteri,67
Jymy,67
Masa,67
Ngoc,67
Sasha,67
Algot,66
Cedric,66
Herbert,66
Ilppo,66
Janne-Petteri,66
Jukka-Matti,66
Omer,66
Reza,66
Salah,66
Steve,66
Vilhelmi,66
Adel,65
Aito,65
Alexandr,65
Bert,65
Eli,65
Ernest,65
Feetu,65
Jax,65
Josi,65
Juhapekka,65
Jussi-Matti,65
Tomi-Pekka,65
Danial,64
Francis,64
Jemi,64
Johann,64
Kiril,64
Lalli,64
Lenna,64
Miilo,64
Mika-Pekka,64
Odin,64
Oleksandr,64
Risto-Pekka,64
Taimo,64
Vili-Petteri,64
Fjalar,63
Ingvar,63
Jaron,63
Karl-Gustav,63
Kenth,63
Ollipekka,63
Osma,63
Paolo,63
Serguei,63
Sven-Olof,63
Waldemar,63
Ömer,63
Jan-Anders,62
Jukka-Petteri,62
Willy,62
Yasir,62
Adem,61
Arho,61
Jevgeni,61
Kamal,61
Karel,61
Nolan,61
Robertino,61
Salman,61
Scott,61
Veli-Jukka,61
Arlo,60
Gleb,60
Jomi,60
Keni,60
Pasi-Pekka,60
Rikard,60
Saif,60
Salomon,60
Alberto,59
Ayuub,59
Carl-Henrik,59
Eugen,59
Hadi,59
Harun,59
Konstantinos,59
Lion,59
Nathaniel,59
Ukko-Pekka,59
Christofer,58
Eirik,58
Faisal,58
Farhan,58
Jooseppi,58
Jorge,58
Riiko,58
Sakariye,58
Waltter,58
Aidan,57
Alek,57
Azad,57
Bastian,57
Cay,57
Danny,57
Don,57
Elof,57
Janne-Matti,57
Jore,57
Marcos,57
Nicke,57
Pauno,57
Sipi,57
Troy,57
Trygve,57
Velimatti,57
Antoni,56
Atle,56
Caspar,56
Hussain,56
Jura,56
Karl-Henrik,56
Kunto,56
Miran,56
Mustapha,56
Omid,56
Salomo,56
Ville-Oskari,56
Aapi,55
Asad,55
Baran,55
Jaakob,55
Musab,55
Ristomatti,55
Suleiman,55
Velu,55
Venne,55
Dion,54
Fahad,54
Huu,54
Jari-Jukka,54
Jasin,54
Liban,54
Mikko-Petteri,54
Nilo,54
Rachid,54
Ricky,54
Timo-Jaakko,54
Veli-Heikki,54
Zakariya,54
Aadam,53
Artjom,53
Carl-Gustaf,53
Glen,53
Milad,53
Niiles,53
Noam,53
Rinaldo,53
Aki-Pekka,52
Amadeus,52
Devin,52
Feeli,52
Florian,52
Teddy,52
Yunus,52
Abdulahi,51
Ale,51
Arttur,51
Bill,51
Eeki,51
Emin,51
Ermo,51
Farid,51
Fedor,51
Feliks,51
Jari-Petteri,51
Kaapro,51
Nikola,51
Silas,51
Stepan,51
Stig-Erik,51
Toni-Pekka,51
Andrej,50
Bogdan,50
Derek,50
Evgenii,50
Farhad,50
Fredric,50
Haris,50
Hayder,50
Iivar,50
Jusu,50
Miso,50
Paulo,50
Pietro,50
Raphael,50
Remy,50
Sumu,50
Walid,50
Armo,49
Arvin,49
Dino,49
Egil,49
Georgi,49
Hakim,49
Isko,49
Jan-Christian,49
Kenan,49
Markko,49
Maxwell,49
Owen,49
Ridwan,49
Tor-Erik,49
Valentino,49
Viima,49
Vitaly,49
Alireza,48
Aras,48
Bashir,48
Danila,48
Darius,48
Efe,48
Elwin,48
Hashim,48
Hector,48
Jaroslav,48
Kasmir,48
Khalil,48
Nasir,48
Romi,48
Salim,48
Siilas,48
Sylvester,48
Veli-Mikko,48
Ville-Matias,48
Yassin,48
Younes,48
Arda,47
Ate,47
Birk,47
Daniele,47
Emiel,47
German,47
Hilding,47
Ioannis,47
Jedi,47
Juha-Antti,47
Kaleva,47
Lassi-Pekka,47
Philippe,47
Raineri,47
Saku-Petteri,47
Stig-Olof,47
Tarik,47
Toma,47
Tomy,47
Vilgot,47
Zaid,47
Artti,46
Berat,46
Edi,46
Francesco,46
Hakan,46
Hanad,46
Hanno,46
Jeppe,46
Lamin,46
Lars-Johan,46
Seeti,46
Seth,46
Stefano,46
Vesa-Heikki,46
Yonis,46
Hong,45
Janek,45
Jeremiah,45
Kajo,45
Louie,45
Majid,45
Nici,45
Saman,45
Sammeli,45
Tuan,45
Veli-Antti,45
Viki,45
Volter,45
Wilton,45
Xuan,45
Aalto,44
Abbe,44
Anto,44
Antony,44
Arif,44
Cosmo,44
Dimitrios,44
Eben,44
Eliah,44
Evald,44
Ezra,44
Fatih,44
Ismael,44
Joni-Matti,44
Joosa,44
Karrar,44
Kristjan,44
Niko-Pekka,44
Nima,44
Philipp,44
Remo,44
Sigurd,44
Taro,44
Umar,44
Velipekka,44
Veli-Petteri,44
Aare,43
Abdallah,43
Abdiaziz,43
Aryan,43
Dario,43
Enes,43
Hüseyin,43
Joas,43
Jukkapekka,43
Leander,43
Miroslav,43
Osama,43
Paavali,43
Sinan,43
Stig-Göran,43
Vaito,43
Valte,43
Alaa,42
Ari-Petteri,42
Arni,42
Bernhard,42
Carl-Magnus,42
Chi,42
Eetu-Petteri,42
El,42
Elliott,42
Filipp,42
Jani-Petri,42
Lari-Pekka,42
Lorenzo,42
Mohsen,42
Oke,42
Päivö,42
Torvald,42
Untamo,42
Zain,42
Abdel,41
Adiel,41
Alejandro,41
Arash,41
Aziz,41
Calvin,41
Dean,41
Freddy,41
Ivo,41
Jackson,41
Jari-Petri,41
Jaso,41
Jay,41
Joosu,41
Jopi,41
Kirmo,41
Misca,41
Retu,41
Tien,41
Vieno,41
Aaku,40
Abdirashid,40
Aki-Matti,40
Bo-Göran,40
Can,40
Daavid,40
Fernando,40
Frederick,40
Gregory,40
Imad,40
Imraan,40
Jeeli,40
Josia,40
Juhan,40
Karam,40
Léo,40
Per-Ole,40
Rodi,40
Sippo,40
Toni-Petteri,40
Veerti,40
Veka,40
Vilko,40
Aaretti,39
Abraham,39
Abubakar,39
Angelo,39
Aro,39
Bror-Erik,39
Christos,39
Iisko,39
Jalmar,39
Jamil,39
Jan-Ole,39
Joeli,39
Juha-Heikki,39
Lars-Olof,39
Luqman,39
Marko-Tapio,39
Nicolai,39
Nisse,39
Onur,39
Ronni,39
Ruu,39
Sante,39
The,39
Valio,39
Vasili,39
Aari,38
Aden,38
Aku-Petteri,38
Allu,38
Benyamin,38
Billy,38
Bryan,38
Conrad,38
Damir,38
Frey,38
Gary,38
Habib,38
Janiel,38
Javier,38
Kai-Erik,38
Lauri-Pekka,38
Lawrence,38
Marvin,38
Milian,38
Onni-Pekka,38
Paul-Erik,38
Prince,38
Ramses,38
Rickhard,38
Solomon,38
Tarek,38
Théo,38
Trong,38
Valery,38
Aiman,37
Alessio,37
Dave,37
Eepi,37
Egon,37
Eren,37
Erpo,37
Evgeni,37
Fritz,37
Fuad,37
Haider,37
Halil,37
Jerkko,37
Jouna,37
Keith,37
Lippo,37
Mahamud,37
Miitri,37
Miles,37
Misha,37
Niels,37
Pasi-Petteri,37
Rino,37
Santiago,37
Tatu-Pekka,37
Terjo,37
Tomi-Petteri,37
Ville-Mikko,37
Yoonis,37
Abdinasir,36
Alve,36
Amer,36
Arttu-Pekka,36
Brahim,36
Eilo,36
Hannu-Matti,36
Hendrik,36
Henning,36
Jaime,36
Jan-Eerik,36
Jules,36
Kadir,36
Kris,36
Léon,36
Love,36
Mikko-Matti,36
Orhan,36
Ramazan,36
Remus,36
Saeed,36
Sigge,36
Sonny,36
Tico,36
Veli-Markku,36
Vito,36
Willem,36
Abdirisak,35
Ako,35
Antti-Matti,35
Bernard,35
Claudio,35
Donald,35
Duy,35
Eetu-Pekka,35
Erol,35
Gert,35
Goran,35
Grigori,35
Jeffrey,35
Juha-Mikko,35
Logan,35
Maher,35
Malek,35
Maxime,35
Osvald,35
Paju,35
Rudy,35
Saarni,35
Samy,35
Tomás,35
Vitalii,35
Abdirizak,34
Andi,34
Aydin,34
Ayoub,34
Cameron,34
Dan-Erik,34
Douglas,34
Enis,34
Enver,34
Felipe,34
Gia,34
Göte,34
Hamed,34
Hubert,34
Husein,34
Jusuf,34
Jüri,34
Jörn,34
Karwan,34
Kemal,34
Kivi,34
Larry,34
Lars-Göran,34
Mahmood,34
Mainio,34
Mauro,34
Mikko-Ville,34
Mortti,34
Muad,34
Mubarak,34
Mustafe,34
Olli-Heikki,34
Peeti,34
Saleh,34
Samu-Petteri,34
Tan,34
Uki,34
Viet,34
Viliam,34
Wertti,34
Wincent,34
Aku-Pekka,33
Ari-Juhani,33
Arin,33
Arseni,33
Artin,33
Bob,33
Carl-Eric,33
Christoph,33
Ehsan,33
Erkan,33
Gideon,33
Hossein,33
Jared,33
John-Erik,33
Kamil,33
Koda,33
Metin,33
Mikko-Matias,33
Milos,33
Naser,33
Nilla,33
Otto-Pekka,33
Pate,33
Rashid,33
Reidar,33
Roine,33
Setti,33
Vennu,33
Zakariye,33
Abdirahim,32
Ake,32
Antti-Oskari,32
Cong,32
Dana,32
Eddy,32
Edin,32
Ensar,32
Fidel,32
Gholam,32
Janus,32
Jere-Petteri,32
Juho-Ville,32
Jürgen,32
Mason,32
Mattis,32
Micah,32
Mir,32
Mirka,32
Mitri,32
Nur,32
Pellervo,32
Pyry-Petteri,32
Rian,32
Rohan,32
Salmaan,32
Vasily,32
Ville-Juhani,32
Walle,32
Xavier,32
Abdimalik,31
Abukar,31
Ajan,31
Alban,31
Aldo,31
Aleksandar,31
Alwin,31
Amiir,31
Austin,31
Caleb,31
Dahir,31
Eduardo,31
Eeri,31
Elon,31
Elyas,31
Ervin,31
Fabio,31
Faruk,31
Georgij,31
Hamse,31
Hans-Peter,31
Ingemar,31
Ismet,31
Jaki,31
Jarre,31
Juho-Heikki,31
Juho-Matias,31
Kari-Tapio,31
Kyle,31
Le,31
Lee,31
Liiban,31
Miklos,31
Misael,31
Moses,31
Munasar,31
Nalle,31
Olivier,31
Olli-Jussi,31
Pierre,31
River,31
Samu-Pekka,31
Simopekka,31
Stanley,31
Thien,31
Vili-Veikko,31
Vinh,31
Wiggo,31
Abdurahman,30
Alper,30
Amine,30
Ara,30
Dmytro,30
Erfan,30
Federico,30
Ferhat,30
Heppu,30
Irfan,30
Jouni-Pekka,30
Juha-Ville,30
Jyri-Petteri,30
Kaappo,30
Kaiku,30
Kasim,30
Leimu,30
Leopold,30
Matti-Juhani,30
Muhsin,30
Nathanael,30
Neil,30
Rahim,30
Roomeo,30
Tani,30
Tor-Björn,30
Veli-Juhani,30
Ville-Eemeli,30
Ville-Veikka,30
Villiam,30
Yan,30
Yannick,30
Yuusuf,30
Abdelaziz,29
Abdirisaq,29
Abdulla,29
András,29
Andrii,29
Andriy,29
Antoine,29
Aran,29
Ardian,29
Ares,29
Aripekka,29
Attila,29
Burhan,29
Connor,29
Elion,29
Emmett,29
Emran,29
Enrico,29
Espen,29
Fadi,29
Firas,29
Harrison,29
Hicham,29
Janos,29
Johny,29
Jooas,29
Kalle-Petteri,29
Kay,29
Kelvin,29
Kouta,29
Larri,29
Loke,29
Matin,29
Michal,29
Nikolaj,29
Nova,29
Nuno,29
Oki,29
Peeter,29
Petros,29
Pyry-Pekka,29
Salar,29
Samson,29
Shahin,29
Siimon,29
Simeoni,29
Trung,29
Östen,29
Abu,28
Ailu,28
Albion,28
Ameer,28
Anssi-Pekka,28
Arjo,28
Davin,28
Ebrahim,28
Emad,28
Ensi,28
Ernesti,28
Fatmir,28
Faysal,28
Furkan,28
Guido,28
Hamsa,28
Hessu,28
Iipo,28
Iippo,28
Iouri,28
Jama,28
Jeemi,28
Jimmie,28
Joosef,28
Juha-Markus,28
Juuso-Petteri,28
Lauri-Matti,28
Luan,28
Maahir,28
Margus,28
Matvey,28
Maurits,28
Mergim,28
Mick,28
Murad,28
Nour,28
Ramon,28
Ramzi,28
Rane,28
Sabah,28
Saku-Pekka,28
Sami-Petri,28
Silver,28
Sirius,28
Tariq,28
Timofey,28
Tord,28
Vesa-Petteri,28
Abdiqani,27
Abdurrahman,27
Ailo,27
Anatoly,27
Antti-Veikko,27
Art,27
Ashraf,27
Cedrik,27
Danilo,27
Evgueni,27
Gennadi,27
Georgy,27
Gilbert,27
Hisham,27
Iurii,27
Jari-Juhani,27
Jussipekka,27
Kai-Markus,27
Kalle-Matti,27
Kassu,27
Laith,27
Lars-Eric,27
Lars-Henrik,27
Lias,27
Lino,27
Lorenz,27
Mirco,27
Mooses,27
Muscab,27
Nader,27
Nasim,27
Natan,27
Nikko,27
Nuur,27
Penna,27
Päiviö,27
Rebin,27
Rex,27
Rick,27
Saabir,27
Sacha,27
Salih,27
Sandro,27
Sharif,27
Soran,27
Terry,27
Umut,27
Varma,27
Veeti-Valtteri,27
Veino,27
Vesa-Jukka,27
Viatcheslav,27
Ville-Antti,27
Waleed,27
Yosef,27
Zana,27
Abdulaziz,26
Akira,26
Alain,26
Amadou,26
Andréas,26
Bruce,26
Eero-Matti,26
Ernesto,26
Ewan,26
Fouad,26
Frederik,26
Hartti,26
Heikki-Pekka,26
Henri-Pekka,26
Isa,26
Jakub,26
Jani-Markus,26
Jethro,26
Joni-Markus,26
Joonas-Petteri,26
Jori-Pekka,26
Jun,26
Kari-Juhani,26
Karolus,26
Kerim,26
Leonidas,26
Leo-Pekka,26
Meelis,26
Michele,26
Mihkel,26
Muhamad,26
Muisto,26
Naim,26
Noar,26
Nuka,26
Olli-Veikko,26
Oma,26
Rodrigo,26
Ronan,26
Samer,26
Sasa,26
Sébastien,26
Semen,26
Serhat,26
Taim,26
Tomasz,26
Tyler,26
Ukri,26
Valon,26
Ville-Joonas,26
Ville-Samuli,26
Voima,26
Wisam,26
Ylermi,26
Zion,26
Afrim,25
Amjad,25
Armend,25
Asa,25
Astor,25
Bekim,25
Besnik,25
Carolus,25
Darren,25
Davi,25
Demian,25
Dilan,25
Dmitrij,25
Egzon,25
Ervo,25
Freddie,25
Gerald,25
Guled,25
Gustavo,25
Hektor,25
Hemi,25
Jaakko-Pekka,25
Jacques,25
Janrik,25
Julio,25
Jyri-Matti,25
Kai-Kristian,25
Kirka,25
Kuuno,25
Lasse-Pekka,25
Lowe,25
Masoud,25
Massimo,25
Masud,25
Michail,25
Mikkel,25
Muaad,25
Mustaf,25
Nicolás,25
Niko-Matti,25
Pasi-Matti,25
Peitsa,25
Rani,25
Reda,25
Rein,25
Rion,25
Sani,25
Savva,25
Sebastien,25
Sigvard,25
Tanu,25
Tom-Erik,25
Vili-Pekka,25
Ville-Heikki,25
Vjatseslav,25
Vu,25
Wael,25
Wictor,25
Wiljo,25
Yasser,25
Yassine,25
Abdalla,24
Abdikarim,24
Abdirahmaan,24
Abshir,24
Alen,24
Alvaro,24
Angel,24
Anselm,24
Antti-Petteri,24
Anuar,24
Demir,24
Dexter,24
Dinh,24
Dominick,24
Ebrima,24
Eemel,24
Emerik,24
Giovanni,24
Giuseppe,24
Hai,24
Haitham,24
Imre,24
Jafar,24
Jarto,24
Jaxon,24
Jegor,24
Josa,24
Juha-Tapio,24
Juho-Jaakko,24
Julien,24
Kaan,24
Kai-Mikael,24
Khadar,24
Kilian,24
Kim-Erik,24
Lenni-Kalle,24
Mahmud,24
Makar,24
Maks,24
Maksym,24
Markos,24
Meo,24
Momodou,24
Mukhtar,24
Natanael,24
Nikki,24
Noureddine,24
Onni-Oskari,24
Peder,24
Per-Henrik,24
Raman,24
Riku-Ville,24
Safwan,24
Sami-Matti,24
Sergio,24
Serkan,24
Shawn,24
Shayan,24
Soni,24
Stefanos,24
Tero-Matti,24
Thiago,24
Thure,24
Tomek,24
Veli-Markus,24
Velmeri,24
Ville-Waltteri,24
Wiktor,24
Wilson,24
Yaasir,24
Aape,23
Aatami,23
Abderrahmane,23
Adriano,23
Aldin,23
Andrés,23
Are,23
Ari-Jussi,23
Ba,23
Bujar,23
Davide,23
Dorian,23
Driss,23
Eden,23
Efraim,23
Emrah,23
Gael,23
Georgii,23
Gerhard,23
Grigory,23
Haakon,23
Hardy,23
Husam,23
Jalle,23
Janne-Juhani,23
Jere-Pekka,23
Jerko,23
Jiko,23
Jommi,23
Josiah,23
Juha-Veikko,23
Jukka-Tapio,23
Jurij,23
Koitto,23
Leart,23
Leni,23
Lio,23
Manh,23
Mansur,23
Mehran,23
Mica,23
Mohanad,23
Nando,23
Nichlas,23
Nikodemus,23
Noor,23
Ora,23
Raed,23
Rain,23
Riad,23
Roihu,23
Sajjad,23
Sakri,23
Sharmarke,23
Sulaiman,23
Tiko,23
Toby,23
Tommie,23
Touho,23
Tryggve,23
Velmu,23
Walther,23
Yaroslav,23
Abdellah,22
Abdihakim,22
Adan,22
Adi,22
Adnaan,22
Alexandru,22
Almir,22
Anatolii,22
Antonios,22
Antreas,22
Antti-Eemeli,22
Antti-Heikki,22
Arben,22
Ari-Heikki,22
Ari-Petri,22
Axl,22
Baris,22
Bassam,22
Bayram,22
Björn-Erik,22
Bülent,22
Carl-Oscar,22
Constantin,22
Dage,22
Didrik,22
Eetu-Oskari,22
Ellis,22
Emile,22
Erick,22
Erland,22
Farzad,22
Feija,22
Frans-Emil,22
Georges,22
Ghulam,22
Hermann,22
Iman,22
Indrek,22
Jontte,22
Jurkka,22
Kaj-Olof,22
Liibaan,22
Loui,22
Mamadou,22
Manfred,22
Maximillian,22
Mikel,22
Morteza,22
Nadir,22
Nhat,22
Nikolaus,22
Niro,22
Olli-Juhani,22
Pekka-Juhani,22
Rebwar,22
Reini,22
Ringo,22
Robbie,22
Rodion,22
Roobert,22
Salem,22
Sem,22
Terje,22
Timo-Juhani,22
Upi,22
Veli-Ville,22
Vesa-Petri,22
Weikka,22
Yacine,22
Yann,22
Yaser,22
Yazan,22
Abdikadir,21
Agim,21
Aivar,21
Aku-Matti,21
Arkan,21
Armando,21
Aso,21
Ayad,21
Benedict,21
Bengt-Erik,21
Bilaal,21
Burak,21
Carl-Axel,21
Dany,21
Eldar,21
Elijas,21
Enso,21
Farah,21
Faris,21
Faton,21
Gennady,21
Hamze,21
Hari,21
Henkka,21
Henno,21
Ilhan,21
István,21
Jaanus,21
Jaden,21
Jan-Krister,21
Jan-Ove,21
Jiska,21
Joan,21
Joni-Petri,21
Juhopekka,21
Juko,21
Karl-Oskar,21
Kerem,21
León,21
Lewis,21
Mart,21
Mete,21
Modou,21
Muhannad,21
Nael,21
Nali,21
Nazar,21
Olaf,21
Ossi-Pekka,21
Ousman,21
Petrik,21
Piotr,21
Reni,21
Riccardo,21
Rida,21
Roan,21
Ropi,21
Rostislav,21
Safet,21
Sami-Jussi,21
Sherif,21
Sulho,21
Sultan,21
Thai,21
Timoteus,21
Tuovi,21
Ugur,21
Veli-Petri,21
Vellu,21
Vilmeri,21
Volodymyr,21
Yki,21
Yonatan,21
Zaki,21
Ziad,21
Abas,20
Abdiasis,20
Adolf,20
Amiin,20
Amit,20
Andrus,20
Anis,20
Anttijussi,20
Arham,20
Artan,20
Artemi,20
Ata,20
Atilla,20
Ayan,20
Besim,20
Cai,20
Carl-Christian,20
Deon,20
Eddi,20
Eeropekka,20
Elio,20
Ferdinand,20
Finley,20
Firat,20
Gaius,20
Hannu-Heikki,20
Ilmar,20
Ilyaas,20
Immanuel,20
Jalal,20
Jami-Petteri,20
Jibril,20
Kalle-Antti,20
Kalle-Oskari,20
Kristopher,20
Lennox,20
Lorik,20
Malcolm,20
Marios,20
Matti-Jussi,20
Matti-Petteri,20
Micky,20
Mihhail,20
Miika-Matias,20
Mirza,20
Navid,20
Ollimatti,20
Olli-Mikko,20
Pirkka-Pekka,20
Poju,20
Raikko,20
Rinor,20
Rocco,20
Rocky,20
Sami-Ville,20
Samuele,20
Sandor,20
Seelim,20
Sirwan,20
Sointu,20
Suheyb,20
Tamás,20
Thommy,20
Todd,20
Tommaso,20
Travis,20
Trevor,20
Tyson,20
Ulrik,20
Urban,20
Usman,20
Vedat,20
Vide,20
Vladyslav,20
Xander,20
Yaqub,20
Yousuf,20
Yuri,20
Zein,20
Zoltán,20
Abdelkader,19
Abdishakur,19
Abdulqadir,19
Ahvo,19
Alho,19
Aman,19
Aren,19
Arhi,19
Arsalan,19
Arsenii,19
Carl-Mikael,19
Casmir,19
Daud,19
Diyar,19
Eelon,19
Fedja,19
Filippo,19
Gunder,19
Gökhan,19
Hamzah,19
Harold,19
Henric,19
Ilir,19
Iljas,19
Ilkka-Kristian,19
Israel,19
Jakov,19
Jan-Christer,19
Jawad,19
Jeff,19
Jere-Matti,19
Jesse-Petteri,19
Jockum,19
Jude,19
Juho-Oskari,19
Jukka-Petri,19
Jusef,19
Kaarne,19
Kamran,19
Kareem,19
Karl-Olof,19
Kawa,19
Khaalid,19
Krishna,19
Lari-Matti,19
Lars-Åke,19
László,19
Mateus,19
Mesut,19
Mihka,19
Mikko-Juhani,19
Mojtaba,19
Moussa,19
Mubashir,19
Najib,19
Panu-Petteri,19
Pawel,19
Per-Johan,19
Ram,19
Renni,19
Reuben,19
Ross,19
Salam,19
Sami-Jukka,19
Seif,19
Semih,19
Shane,19
Soheil,19
Sverre,19
Tahir,19
Tarkko,19
Tiago,19
Timo-Matti,19
Valerii,19
Veli-Martti,19
Vesa-Ville,19
Vili-Veikka,19
Ville-Kalle,19
Vitaliy,19
Zakarias,19
Abd,18
Adrien,18
Akim,18
Aleksej,18
Alfie,18
Amon,18
Anil,18
Antti-Jaakko,18
Ari-Mikko,18
Arlind,18
Arton,18
Asher,18
Avni,18
Ayhan,18
Basil,18
Besart,18
Bruuno,18
Caro,18
Cem,18
Cevin,18
Cody,18
Cole,18
Edmond,18
Eliam,18
Eliott,18
Enrique,18
Ensti,18
Erwin,18
Esapekka,18
Esa-Petteri,18
Esra,18
Félix,18
Franco,18
Guillermo,18
Hani,18
Heikki-Juhani,18
Heinz,18
Helke,18
Hiwa,18
Huy,18
Ion,18
Ishak,18
Jarl-Erik,18
Jaromir,18
Jasim,18
Jere-Matias,18
João,18
Jonnie,18
Joona-Petteri,18
Juuso-Pekka,18
Kurt-Erik,18
Marko-Tapani,18
Matte,18
Morten,18
Nabeel,18
Nguyen,18
Nils-Johan,18
Olli-Ville,18
Onni-Matti,18
Péter,18
Platon,18
Ramadan,18
Raphaël,18
Rasul,18
Roki,18
Rory,18
Sabir,18
Sakaria,18
Serdar,18
Serge,18
Siim,18
Sina,18
Stuart,18
Talal,18
Tao,18
Tempo,18
Timitri,18
Timjami,18
Tri,18
Troi,18
Usama,18
Utu,18
Veli-Veikko,18
Vesamatti,18
Vilpas,18
Vyacheslav,18
Vänni,18
Wei,18
Zack,18
Adar,17
Akil,17
Alp,17
Amaar,17
Amel,17
Ansu,17
Antti-Mikael,17
Arion,17
Arn,17
Áron,17
Arseny,17
Augustin,17
Aws,17
Beni,17
Blerim,17
Brage,17
Brendan,17
Camilo,17
Carl-Olof,17
Castor,17
Cemal,17
Christophe,17
Crister,17
Cristiano,17
Dima,17
Dmitriy,17
Edis,17
Eetvi,17
Emel,17
Emrik,17
Fadil,17
Feeliks,17
Feodor,17
Geoffrey,17
Hayden,17
Ihsan,17
Ilkka-Pekka,17
Innocent,17
Ioan,17
Islam,17
Jaafar,17
Jaakko-Juhani,17
Jad,17
Janis,17
Jan-Michael,17
Jan-Åke,17
Jesus,17
Juha-Jaakko,17
Juho-Mikko,17
Kai-Petteri,17
Kari-Jukka,17
Kieran,17
Kingsley,17
Kåre,17
Lex,17
Luuka,17
Lyly,17
Mansour,17
Marat,17
Markku-Pekka,17
Matt,17
Mauricio,17
Mazen,17
Miclas,17
Mirsad,17
Morad,17
Munir,17
Muslim,17
Niko-Petri,17
Nizar,17
Noe,17
Noé,17
Oku,17
Ollie,17
Onni-Kalle,17
Oska,17
Othman,17
Pehr-Erik,17
Petu,17
Rami-Pekka,17
Rodney,17
Ruska,17
Senad,17
Sergiy,17
Shaun,17
Sunny,17
Taher,17
Tamer,17
Tauri,17
Teemu-Pekka,17
Teemu-Petteri,17
Teim,17
Tiera,17
Toni-Markus,17
Vahid,17
Ville-Jussi,17
Vsevolod,17
Wilhelmi,17
Wolfgang,17
Yahia,17
Yakup,17
Yusef,17
Aapro,16
Abdisalam,16
Abdullaahi,16
Akam,16
Amr,16
Anik,16
Anttipekka,16
Aris,16
Ari-Veikko,16
Arsenij,16
Artto,16
Arun,16
Asaad,16
Ati,16
Ayaan,16
Ayden,16
Babak,16
Bahman,16
Bajram,16
Blake,16
Cengiz,16
Cian,16
Cooper,16
Danel,16
Deni,16
Derrick,16
Edmund,16
Eeben,16
Ekke,16
Erkka-Pekka,16
Evangelos,16
Fikret,16
Finlay,16
Fitim,16
Franklin,16
Gabriele,16
Ghaith,16
Ghassan,16
Haydar,16
Hendry,16
Huima,16
Ilan,16
Isaiah,16
Iska,16
Issa,16
Isse,16
Jarkko-Pekka,16
Jesse-Joonas,16
Jesse-Pekka,16
Jeton,16
Jico,16
Jimmi,16
Jonte,16
Juho-Kusti,16
Juho-Tuomas,16
Kaleb,16
Kalle-Eemeli,16
Kalle-Ville,16
Kami,16
Kari-Jussi,16
Leandro,16
Leif-Erik,16
Lennon,16
Lumi,16
Luucas,16
Mahmut,16
Marno,16
Maxi,16
Miiku,16
Mikko-Oskari,16
Miro-Matias,16
Mourad,16
Murtada,16
Nasser,16
Nicola,16
Nipa,16
Noël,16
Norman,16
Omran,16
Orion,16
Pami,16
Per-Åke,16
Phillip,16
Rahman,16
Rahul,16
Sadiq,16
Saeid,16
Sameer,16
Samu-Ville,16
Semir,16
Sergii,16
Shaho,16
Stavros,16
Suleyman,16
Talha,16
Tane,16
Tareq,16
Thore,16
Tommi-Petteri,16
Tran,16
Uwe,16
Veli-Valtteri,16
Viimo,16
Ville-Aleksi,16
Ville-Hermanni,16
Ville-Vesa,16
Vinha,16
Volkan,16
Väiski,16
Weikko,16
Wesley,16
Wiliam,16
Ümit,16
Younis,16
Zakari,16
Zayn,16
Aaret,15
Abderrahim,15
Abdulaahi,15
Abdulkarim,15
Agron,15
Aku-Ville,15
Aleksey,15
Alfonso,15
Alieu,15
Antonis,15
Araz,15
Arbnor,15
Ari-Ville,15
Armand,15
Bakhtiar,15
Bashar,15
Behzad,15
Bekir,15
Béla,15
Björn-Olof,15
Carsten,15
Craig,15
Darian,15
Deniss,15
Denys,15
Dewin,15
Edison,15
Edon,15
Eemin,15
Eeno,15
Eino-Pekka,15
Emiliano,15
Erdal,15
Erkki-Mikael,15
Fionn,15
Fredi,15
Fredrick,15
Hardi,15
Haron,15
Haroun,15
Jan-Magnus,15
Jan-Patrik,15
Jari-Antti,15
Jari-Heikki,15
Jasmin,15
Jayson,15
Jeriko,15
Jerkka,15
Jocke,15
Juho-Kalle,15
Junior,15
Juusa,15
Jörg,15
Ka,15
Kai-Pekka,15
Kaj-Mikael,15
Kale,15
Kari-Petteri,15
Karl-Gustaf,15
Karl-Magnus,15
Karol,15
Karzan,15
Kenzo,15
Kie,15
Kjell-Erik,15
Klim,15
Lare,15
Latif,15
Leith,15
Leroy,15
Lior,15
Make,15
Marian,15
Marko-Juhani,15
Mascuud,15
Masuud,15
Mentor,15
Merri,15
Mickey,15
Mika-Juhani,15
Mykola,15
Nabiil,15
Neeo,15
Nietos,15
Nikos,15
Norbert,15
Oktay,15
Onni-Eemeli,15
Paul-Henrik,15
Penjami,15
Per-Eric,15
Per-Håkan,15
Rafik,15
Randy,15
Reine,15
Rejan,15
Ronaldo,15
Sadik,15
Sahil,15
Salvatore,15
Sami-Antti,15
Santino,15
Sarmad,15
Sead,15
Shahram,15
Shuaib,15
Sid,15
Suhaib,15
Tamim,15
Taoufik,15
Taras,15
Tate,15
Tatu-Matti,15
Till,15
Timka,15
Timo-Petteri,15
Toni-Matti,15
Toni-Petri,15
Truong,15
Tyrsky,15
Ulf-Erik,15
Uoti,15
Valeriy,15
Vanja,15
Villematti,15
Ville-Pertti,15
Vince,15
Volmari,15
Wai,15
Wasim,15
Wihtori,15
Wolf,15
Yilmaz,15
Youcef,15
Yu,15
Zeb,15
Aadolf,14
Abdellatif,14
Abdillahi,14
Abdukadir,14
Adis,14
Akif,14
Alari,14
Alexandro,14
Alon,14
Alpertti,14
Arber,14
Ario,14
Arsen,14
Arto-Pekka,14
Arturo,14
Arwid,14
Augustine,14
Axu,14
Badr,14
Barham,14
Barry,14
Bashiir,14
Bashkim,14
Bedri,14
Benja,14
Cao,14
Cary,14
Cesar,14
Collin,14
Dastan,14
Diako,14
Dimi,14
Dominique,14
Doni,14
Edris,14
Endrit,14
Enok,14
Ewert,14
Eyal,14
Eymen,14
Ezekiel,14
Fahim,14
Ferenc,14
Florent,14
Gavin,14
Geir,14
Ghazi,14
Gregor,14
Hans-Olof,14
Heikki-Matti,14
Heinrich,14
Hemming,14
Hung,14
Idiris,14
Ihab,14
Iiro-Pekka,14
Iko,14
Jaapo,14
Jani-Mikael,14
Jarek,14
Jari-Markus,14
Jino,14
Joah,14
Jovan,14
Juho-Eemil,14
Kaamos,14
Kai-Eerik,14
Kalle-Juhani,14
Karan,14
Kastriot,14
Kaveh,14
Kebba,14
Kert,14
Khac,14
Kille,14
Koa,14
Kosma,14
Layth,14
Ledion,14
Liius,14
Lorentz,14
Loris,14
Luc,14
Mano,14
Margo,14
Miika-Markus,14
Mischa,14
Moustafa,14
Mujtaba,14
Muniir,14
Nadim,14
Nico-Petteri,14
Nils-Olof,14
Noeli,14
Obinna,14
Onni-Matias,14
Ossi-Petteri,14
Otto-Oskari,14
Panagiotis,14
Pavlo,14
Pavlos,14
Per-Anders,14
Petar,14
Phuoc,14
Piko,14
Qasim,14
Rajan,14
Ramiz,14
Reimo,14
Repe,14
Ruudolf,14
Sahin,14
Saki,14
Saku-Matti,14
Samet,14
Sedat,14
Serafim,14
Sheikh,14
Simi,14
Sipan,14
Sofiane,14
Sohrab,14
Solmu,14
Stellan,14
Syksy,14
Tam,14
Tanel,14
Timo-Jukka,14
Timo-Tapio,14
Tomer,14
Tommo,14
Uuras,14
Vasilij,14
Veija,14
Veli-Hannu,14
Veli-Pentti,14
Vicente,14
Villeveikko,14
Vilperi,14
Wenni,14
Yuriy,14
Yussuf,14
Zoran,14
Zubair,14
Zuhair,14
Aarav,13
Aavo,13
Abdiwali,13
Adham,13
Admir,13
Agon,13
Aki-Jussi,13
Akke,13
Al,13
Altin,13
Anes,13
Antti-Jukka,13
Antti-Mikko,13
Ardit,13
Arkadi,13
Arsim,13
Ashkan,13
Atri,13
Auku,13
Awil,13
Ayaz,13
Bahram,13
Behar,13
Bernd,13
Binh,13
Bjørn,13
Bore,13
Bradley,13
Carl-Fredrik,13
Casey,13
Conor,13
Csaba,13
Daan,13
Dai,13
Dan-Anders,13
Dang,13
Danyal,13
Daris,13
Davud,13
Dawud,13
Deniel,13
Desmond,13
Dome,13
Drilon,13
Ege,13
Elvar,13
Emeka,13
Engin,13
Ercan,13
Erich,13
Erion,13
Erki,13
Esaias,13
Esu,13
Eugene,13
Fares,13
Fehmi,13
Fidan,13
Gazmend,13
Gerard,13
Granit,13
Grigorii,13
Halid,13
Hamdi,13
Hamidullah,13
Han,13
Hansi,13
Hawkar,13
Hedi,13
Heimer,13
Hesham,13
Iaroslav,13
Ibraahim,13
Iisai,13
Ikenna,13
Immu,13
Ingolf,13
Ingvald,13
Iyad,13
Jace,13
Jaripekka,13
Jasir,13
Joao,13
Joël,13
Joni-Mikael,13
Joosia,13
Josias,13
Jousia,13
Jukka-Tapani,13
Kiran,13
Kiri,13
Klas-Erik,13
Knuut,13
Kristen,13
Kristof,13
Kushtrim,13
Lahja,13
Lars-Peter,13
Laurent,13
Lennie,13
Lian,13
Lulzim,13
Majed,13
Mardin,13
Mariwan,13
Markku-Juhani,13
Marwaan,13
Matheus,13
Mattia,13
Matti-Mikael,13
Mazin,13
Merlin,13
Mickael,13
Mihku,13
Mika-Markus,13
Mileon,13
Miljo,13
Mishka,13
Muharrem,13
Murtaza,13
Musse,13
Okan,13
Oswald,13
Otis,13
Otto-Emil,13
Panu-Pekka,13
Pascal,13
Penja,13
Pette,13
Phi,13
Rai,13
Raid,13
Raiko,13
Raivo,13
Rando,13
Rasim,13
Rei,13
Reittu,13
Renato,13
Ridwaan,13
Rieti,13
Roel,13
Roshan,13
Sabri,13
Safin,13
Sahand,13
Sajad,13
Samiir,13
Sándor,13
Sanjay,13
Sascha,13
Saveli,13
Simo-Petteri,13
Sinuhe,13
Sohail,13
Spencer,13
Steffen,13
Sulayman,13
Sverker,13
Süleyman,13
Terence,13
Thorsten,13
Timo-Jussi,13
Toni-Mikael,13
Topi-Matti,13
Uchenna,13
Udo,13
Vadym,13
Veeli,13
Vesa-Veikko,13
Vili-Verneri,13
Ville-Tapio,13
Ville-Tuomas,13
Virmo,13
Walto,13
Walton,13
Wilbert,13
Wilfred,13
Will,13
Yacqub,13
Yacquub,13
Yaxye,13
Zakarie,13
Özgür,13
Aato,12
Abdikani,12
Abdisamad,12
Abdiwahab,12
Abdoulie,12
Adrián,12
Adriel,12
Afshin,12
Aiham,12
Aki-Petri,12
Aleksandros,12
Alf-Erik,12
Alfredo,12
Alwar,12
Andrzej,12
Anthonio,12
Antti-Einari,12
Antti-Tapio,12
Arjan,12
Arjun,12
Armaan,12
Asim,12
Atos,12
Aurel,12
Avi,12
Axeli,12
Aymen,12
Bobby,12
Cajus,12
Carl-Göran,12
Clas-Göran,12
Collins,12
Damon,12
Dániel,12
Dara,12
Dariush,12
Davood,12
Devran,12
Dimitar,12
Dior,12
Ebenezer,12
Eelo,12
Eetu-Matti,12
Eetu-Ville,12
Ehab,12
Eino-Juhani,12
Ele,12
Erdi,12
Erkki-Jussi,12
Erkki-Pekka,12
Eron,12
Esa-Jussi,12
Esteban,12
Even,12
Fathi,12
Fatos,12
Flynn,12
Gani,12
Giulio,12
Grels,12
Grim,12
Haci,12
Halit,12
Hans-Göran,12
Hany,12
Heiki,12
Heikki-Tapio,12
Henri-Mikael,12
Hunter,12
Hussam,12
Ilian,12
Illi,12
Jahn,12
Janko,12
Jann,12
Janne-Markus,12
Jannik,12
Jannis,12
Janno,12
János,12
Jan-Sebastian,12
Jari-Jussi,12
Jari-Tapio,12
Jauri,12
Javad,12
Jelmeri,12
Jimy,12
Joannis,12
Joni-Juhani,12
Jonttu,12
Joona-Pekka,12
Joonathan,12
Joonia,12
Josse,12
Juha-Markku,12
Jupiter,12
Jussi-Heikki,12
Kaijus,12
Kajus,12
Kalle-Valtteri,12
Kalle-Veikko,12
Kardo,12
Karipekka,12
Karl-Anton,12
Kayden,12
Kelpo,12
Kien,12
Klas-Göran,12
Krish,12
Lance,12
Lars-Ole,12
Lassi-Matti,12
Lemmi,12
Loimu,12
Lumo,12
Marcello,12
Marcelo,12
Marko-Mikael,12
Marko-Pekka,12
Matthieu,12
Matti-Esko,12
Matts-Erik,12
Maunus,12
Maurice,12
Melik,12
Miihkali,12
Min,12
Mitjo,12
Moise,12
Muhamet,12
Naatan,12
Nam,12
Nassim,12
Nedim,12
Nic,12
Nihat,12
Nils-Göran,12
Nio,12
Nooe,12
Nuh,12
Olli-Oskari,12
Onni-Elmeri,12
Patu,12
Pedram,12
Pelle,12
Phoenix,12
Pjotr,12
Pohto,12
Puro,12
Raad,12
Raafael,12
Raimond,12
Ramesh,12
Ramiar,12
Ransu,12
Ravi,12
Recep,12
Renas,12
Rollo,12
Saber,12
Sai,12
Sakarie,12
Samo,12
San,12
Sardar,12
Skender,12
Slava,12
Sohaib,12
Sony,12
Suheib,12
Suman,12
Suraj,12
Sylvain,12
Taru,12
Taulant,12
Tero-Petteri,12
Timo-Tapani,12
Tio,12
Toni-Kristian,12
Toni-Tapio,12
Tonny,12
Vasileios,12
Vasilii,12
Vassili,12
Veiko,12
Veli-Kalle,12
Veli-Tapio,12
Venneri,12
Vesa-Tapio,12
Ville-Sakari,12
Visa-Pekka,12
Visar,12
Volmar,12
Walde,12
Waldo,12
Wojciech,12
Yavuz,12
Yazid,12
Yoav,12
Yoel,12
Youness,12
Zahir,12
Zeid,12
Abdelkarim,11
Abdelrahman,11
Abdihamid,11
Abdisalan,11
Abdiweli,11
Abdoulaye,11
Adonis,11
Ajmal,11
Allen,11
Alpha,11
Amiel,11
Amro,11
An,11
Anmar,11
Antti-Matias,11
Apollo,11
Aref,11
Arri,11
Arslan,11
Artemii,11
Ashish,11
Ashton,11
Assar,11
Astrit,11
Augusti,11
Auro,11
Azhar,11
Bao,11
Behnam,11
Belal,11
Bengt-Olof,11
Bennet,11
Berk,11
Bojan,11
Cecil,11
Claude,11
Cyril,11
Cyrus,11
Dardan,11
Davy,11
Denzel,11
Didier,11
Dijar,11
Dimitris,11
Dogan,11
Driton,11
Eelia,11
Eemos,11
Efosa,11
Eh,11
Ekrem,11
Elisei,11
Eljami,11
Elmi,11
Elmin,11
Eloi,11
Emmet,11
Enno,11
Erasmus,11
Erdem,11
Erhan,11
Esa-Petri,11
Essa,11
Etienne,11
Ewald,11
Eyman,11
Feelix,11
Fenix,11
Fisnik,11
Flamur,11
Fride,11
Friedrich,11
Gaurav,11
Gheorghe,11
Gian,11
Gianluca,11
Gordon,11
Haaruun,11
Hamish,11
Hao,11
Harvey,11
Hatem,11
Hemminki,11
Horst,11
Ike,11
Iker,11
Ila,11
Ilai,11
Iro,11
Jaakko-Matti,11
Jaber,11
Jamshid,11
Jan-Martin,11
Jari-Mikko,11
Jari-Veikko,11
Jarkko-Juhani,11
Jaroel,11
Jian,11
Jihad,11
Joaquin,11
Jolle,11
Jon-Erik,11
Joni-Kristian,11
Joopi,11
Jori-Matti,11
Jori-Petteri,11
Jouni-Matti,11
Juha-Erkki,11
Juha-Veli,11
Juho-Erik,11
Juhomatti,11
Junno,11
Jussi-Joonas,11
Jussi-Mikko,11
Jyri-Petri,11
Kaiho,11
Kaimo,11
Kai-Petri,11
Kaito,11
Kaj-Henrik,11
Kambiz,11
Karar,11
Karri-Pekka,11
Kim-Henrik,11
Kim-Johan,11
Kofi,11
Krisse,11
Krzysztof,11
Leo-Matti,11
Liekki,11
Liridon,11
Lloyd,11
Loki,11
Lotfi,11
Lucius,11
Luiz,11
Majd,11
Malakai,11
Marcin,11
Marko-Petteri,11
Mats-Erik,11
Mhd,11
Mies,11
Mika-Erik,11
Miro-Petteri,11
Mirwais,11
Mouhamed,11
Mounir,11
Muamer,11
Mucaad,11
Muse,11
Nadeem,11
Nana,11
Nante,11
Nedzad,11
Nhu,11
Nicolae,11
Nuuk,11
Oleksii,11
Olli-Antti,11
Onni-Ilmari,11
Orlando,11
Oscari,11
Ozan,11
Pa,11
Parviz,11
Peetro,11
Phuc,11
Pouya,11
Priit,11
Quinn,11
Rafi,11
Rayen,11
Reemus,11
Remzi,11
Renat,11
Rey,11
Ridvan,11
Riho,11
Rikumatti,11
Roope-Oskari,11
Rui,11
Rupert,11
Rymy,11
Saikou,11
Sami-Kristian,11
Seid,11
Selahattin,11
Semmi,11
Sere,11
Seve,11
Shadi,11
Shahab,11
Shahid,11
Shahzad,11
Sharmake,11
Shwan,11
Siavash,11
Sidar,11
Soren,11
Sten-Olof,11
Storm,11
Sunil,11
Taave,11
Tedi,11
Teoman,11
Teri,11
Thorbjörn,11
Thord,11
Tian,11
Tijan,11
Timo-Heikki,11
Tomppa,11
Tung,11
Tyr,11
Valdo,11
Valfrid,11
Veeni,11
Veli-Erkki,11
Veli-Jaakko,11
Veli-Tapani,11
Veniamin,11
Verni,11
Vesa-Antti,11
Vexi,11
Vilbert,11
Vilkko,11
Ville-Mikael,11
Villepekka,11
Ville-Tapani,11
Ville-Veli,11
Vinsent,11
Visa-Matti,11
Widar,11
Yigit,11
Ykä,11
Yusif,11
Zafer,11
Zakhar,11
Zane,11
Zsolt,11
Zubeyr,11
Aadi,10
Aahil,10
Aamir,10
Aamo,10
Aapo-Matti,10
Abdelghani,10
Abdelhamid,10
Abdou,10
Abdulhakim,10
Abed,10
Abolfazl,10
Aditya,10
Áilu,10
Ajdin,10
Aland,10
Alonso,10
Amor,10
Angus,10
Antti-Olli,10
Aqeel,10
Arafat,10
Archie,10
Arel,10
Ari-Juha,10
Armen,10
Arnaud,10
Arte,10
Arttu-Eemeli,10
Arttu-Oskari,10
Asse,10
Asto,10
Atakan,10
Athanasios,10
Atik,10
Atte-Oskari,10
Augusto,10
Auri,10
Baboucarr,10
Bakr,10
Basel,10
Batu,10
Bile,10
Brett,10
Buster,10
Cassius,10
Cemil,10
Chia,10
Christo,10
Cihan,10
Deepak,10
Dejan,10
Dirk,10
Domenico,10
Dren,10
Duncan,10
Ed,10
Eero-Veikko,10
Eino-Veikko,10
Eldin,10
Elie,10
Elmedin,10
Emmanuil,10
Erjon,10
Erko,10
Erling,10
Esam,10
Esamatti,10
Esmail,10
Fahri,10
Fardin,10
Fiilus,10
Florim,10
Frédéric,10
Fridolf,10
Gábor,10
Giacomo,10
Gil,10
Gonzalo,10
Guennadi,10
Hans-Christian,10
Harley,10
Harro,10
Hashem,10
Heikki-Jussi,10
Hemen,10
Hosein,10
Hunar,10
Huner,10
Idan,10
Ignat,10
Iiska,10
Ile,10
Ilija,10
Ilyes,10
Isam,10
Issam,10
Jael,10
Jallu,10
Jan-Emil,10
Jani-Jukka,10
Jani-Kristian,10
Jan-Roger,10
Jari-Juha,10
Jarimatti,10
Jasmo,10
Jehki,10
Jeremie,10
Jerzy,10
Jesaja,10
Jesse-Juhani,10
Joackim,10
John-Eric,10
Jones,10
Jonne-Pekka,10
Joona-Matias,10
Joy,10
Juha-Mikael,10
Juha-Pertti,10
Juho-Aleksi,10
Jusse,10
Jussi-Tuomas,10
Jyrki-Pekka,10
Kabir,10
Kael,10
Kai-Juhani,10
Kais,10
Kaj-Johan,10
Kalev,10
Kalid,10
Kalle-Markus,10
Kamu,10
Kendrick,10
Kit,10
Ko,10
Kwame,10
Kwok,10
Köpi,10
Kössi,10
Labinot,10
Lamine,10
Lari-Petteri,10
Lauri-Juhani,10
Lei,10
Leone,10
Leonhard,10
Levent,10
Levente,10
Lucian,10
Luigi,10
Lukman,10
Luna,10
Luqmaan,10
Mac,10
Mael,10
Malick,10
Manoj,10
Mansoor,10
Mara,10
Marcell,10
Martino,10
Master,10
Máté,10
Mateusz,10
Matti-Tapio,10
Maximiliam,10
Mertzi,10
Mickel,10
Mihai,10
Miika-Matti,10
Miikka-Matias,10
Mika-Tapio,10
Mikko-Jussi,10
Mille,10
Mirac,10
Mohamedamiin,10
Mokhtar,10
Mortaza,10
Mose,10
Mubarik,10
Muhanad,10
Muzaffer,10
Namo,10
Nataniel,10
Nazir,10
Nermin,10
Nero,10
Nickolas,10
Nihad,10
Niklaus,10
Niko-Markus,10
Niko-Ville,10
Nooke,10
Okke,10
Oliveri,10
Olov,10
Osamah,10
Otto-Eemeli,10
Pau,10
Per-Göran,10
Petri-Juhani,10
Petri-Mikael,10
Preston,10
Pär-Erik,10
Radu,10
Raikas,10
Rama,10
Ranjit,10
Rebaz,10
Rémi,10
Reto,10
Ridha,10
Riley,10
Rodin,10
Roopert,10
Rron,10
Rustam,10
Ryszard,10
Saleem,10
Samatar,10
Samba,10
Sangar,10
Santtu-Pekka,10
Saulus,10
Saw,10
Seán,10
Sebastián,10
Set,10
Sidi,10
Sigfrid,10
Silvio,10
Simo-Heikki,10
Sindre,10
Stian,10
Sunday,10
Taner,10
Tapsa,10
Tero-Tapio,10
Tex,10
Thorolf,10
Thorvald,10
Tiger,10
Toive,10
Tomi-Matti,10
Tommi-Pekka,10
Topi-Pekka,10
Tudor,10
Ukkopekka,10
Umberto,10
Urim,10
Vallu,10
Veli-Tuomas,10
Vesa-Mikko,10
Vesa-Valtteri,10
Vikko,10
Ville-Martti,10
Vilmo,10
Vinnie,10
Wali,10
Warren,10
Wellu,10
Wen,10
Yaseen,10
Yassir,10
Ylli,10
Yonas,10
Yrjänä,10
Zachris,10
Örjan,10
Aarush,9
Abaas,9
Abdelkrim,9
Abderrahman,9
Abdihakin,9
Abdikariim,9
Abdikarin,9
Abdimaalik,9
Abdirisaaq,9
Abdulfatah,9
Abdulwahid,9
Abedin,9
Aivo,9
Ajay,9
Akbar,9
Alexej,9
Alexios,9
Alexsander,9
Amani,9
Amanuel,9
Andri,9
Angelos,9
Anse,9
Ansel,9
Anssi-Petteri,9
Antti-Ilari,9
Antti-Olavi,9
Apostolos,9
Ardi,9
Ari-Tapani,9
Ari-Tapio,9
Ari-Veli,9
Asaf,9
Atte-Pekka,9
Aus,9
Awat,9
Ayaanle,9
Ayrton,9
Azizullah,9
Bakary,9
Balázs,9
Barzan,9
Batuhan,9
Benno,9
Blendi,9
Callum,9
Caner,9
Carl-Anders,9
Carl-Michael,9
Carson,9
Casperi,9
César,9
Chan,9
Claës,9
Cornelis,9
Curtis,9
Daniar,9
Daryl,9
Davis,9
Dawit,9
Declan,9
Denny,9
Didar,9
Dler,9
Domi,9
Drin,9
Edel,9
Efim,9
Eitan,9
Elmar,9
Emerson,9
Emilian,9
Emmanouil,9
Enoch,9
Erblin,9
Ergin,9
Esat,9
Esa-Tapio,9
Esa-Ville,9
Evans,9
Ezel,9
Falah,9
Farouk,9
Farshad,9
Fazel,9
Fevzi,9
Filemon,9
Filiph,9
Fjodor,9
Fynn,9
Gay,9
Gottfrid,9
Grant,9
Guy-Erik,9
Hakon,9
Halmat,9
Hamit,9
Hanne,9
Hans-Henrik,9
Hassen,9
Haval,9
Hayrettin,9
Hazem,9
Heikka,9
Helmut,9
Hemn,9
Henri-Matias,9
Hoai,9
Hristo,9
Iakov,9
Iise,9
Iku,9
Inge,9
Iosif,9
Jaakko-Petteri,9
Jaarli,9
Jafet,9
Jakim,9
Jame,9
Jamo,9
Jan-Gustav,9
Jan-Håkan,9
Jani-Juhani,9
Jani-Tapani,9
Janne-Veikko,9
Jari-Ville,9
Jarno-Petteri,9
Javid,9
Jemias,9
Jere-Juhani,9
Jermi,9
Jermo,9
Jesse-Matias,9
Jhonny,9
Jochen,9
Jofiel,9
Johan-Erik,9
Johnson,9
Josu,9
Juha-Martti,9
Juha-Tapani,9
Juha-Tuomas,9
Juho-Eemeli,9
Jussi-Matias,9
Jussimatti,9
Jussi-Ville,9
Juuso-Matias,9
Kaido,9
Kaj-Gustav,9
Kari-Antti,9
Karimatti,9
Karl-Anders,9
Karl-Axel,9
Karl-Mikael,9
Kazem,9
Keanu,9
Kemo,9
Kim-Kristian,9
Kimmo-Petteri,9
Kimo,9
Kim-Peter,9
Klaus-Erik,9
Knuutti,9
Kosmos,9
Kuu,9
Lahcen,9
Lajos,9
Lars-Ove,9
Lasse-Matti,9
Lauri-Kalle,9
Lawand,9
Leslie,9
Levin,9
Long,9
Luciano,9
Madis,9
Maël,9
Maltti,9
Mani,9
Marsel,9
Masood,9
Mathieu,9
Matjus,9
Mats-Johan,9
Matti-Oskari,9
Matvej,9
Maximo,9
MD.,9
Mehrdad,9
Micu,9
Miica,9
Mika-Antti,9
Mika-Tapani,9
Mikhael,9
Mikk,9
Mikka,9
Mikko-Samuli,9
Mikko-Tapio,9
Mikolas,9
Miko-Matias,9
Miksu,9
Milco,9
Miliam,9
Milon,9
Milot,9
Miska-Matias,9
Mixu,9
Mohamedamin,9
Mohamed-Amin,9
Monir,9
Mosku,9
Muayad,9
Muhammet,9
Naava,9
Nate,9
Nazmi,9
Neko,9
Nemanja,9
Nenad,9
Nesta,9
Nevzat,9
Nexhat,9
Nhut,9
Niall,9
Nidal,9
Niikka,9
Niikko,9
Nikhil,9
Niko-Joonas,9
Nil,9
Nori,9
Oleksi,9
Oleksiy,9
Olli-Eemeli,9
Olli-Jukka,9
Olli-Kalle,9
Olli-Tapio,9
Olliver,9
Otto-Petteri,9
Otto-Wille,9
Owe,9
Papu,9
Pasi-Petri,9
Patryk,9
Pauli-Petteri,9
Pave,9
Pehr-Olof,9
Peppe,9
Perry,9
Petrit,9
Peyman,9
Phuong,9
Puja,9
Qais,9
Qendrim,9
Quy,9
Rajesh,9
Ramil,9
Ramy,9
Ran,9
Rasoul,9
Rayyan,9
Reinhold,9
Reo,9
Repo,9
Rezgar,9
Rolando,9
Romet,9
Roni-Petteri,9
Sabit,9
Saed,9
Safa,9
Safaa,9
Safi,9
Sakariya,9
Sami-Seppo,9
Samueli,9
Samu-Matias,9
Sanad,9
Sandeep,9
Santi,9
Savelii,9
Sepe,9
Sergej,9
Sero,9
Seyyed,9
Shakir,9
Shukri,9
Sigvald,9
Simo-Matti,9
Simone,9
Simo-Santeri,9
Sobhan,9
Sol,9
Soner,9
Sten-Erik,9
Styrbjörn,9
Sufyan,9
Sumit,9
Svantte,9
Sven-Ole,9
Taku,9
Tammi,9
Tatu-Petteri,9
Tayfun,9
Tero-Jukka,9
Thamer,9
Thobias,9
Timon,9
Timo-Veikko,9
Timy,9
Tin,9
Tini,9
Tobia,9
Tom-Henrik,9
Tom-Johan,9
Tomme,9
Tom-Peter,9
Ton,9
Torleif,9
Toto,9
Tuhto,9
Tuncay,9
Turjo,9
Uku,9
Valmir,9
Vasilios,9
Veli-Seppo,9
Veton,9
Vi,9
Viktori,9
Vilius,9
Ville-Erik,9
Villehard,9
Villemarkus,9
Vilpo,9
Vlad,9
Wahid,9
Waqas,9
Wayne,9
Wilde,9
Wilgot,9
Willi,9
Wyatt,9
Xhevdet,9
Yasar,9
Yll,9
Younus,9
Yuval,9
Zackarias,9
Zahar,9
Zahid,9
Zander,9
Zayan,9
Zayd,9
Zeki,9
Ziyad,9
Zoltan,9
Aadel,8
Aatu-Eemeli,8
Aayan,8
Aayush,8
Abdelhakim,8
Abdelmajid,8
Abdelmalek,8
Abdihakiim,8
Abdilahi,8
Abdisamed,8
Abdollah,8
Abdulhadi,8
Abdulmalik,8
Abdul-Malik,8
Abdulqader,8
Abdulwahab,8
Abrar,8
Abul,8
Ade,8
Adian,8
Adib,8
Ahmednur,8
Aidin,8
Akin,8
Aki-Ville,8
Alar,8
Alden,8
Aleksandre,8
Ales,8
Aliaksandr,8
Alim,8
Alistair,8
Amed,8
Anand,8
Anatolij,8
Anel,8
Ankit,8
Anouar,8
Ánte,8
Anttijuhani,8
Antti-Sakari,8
Arbër,8
Arden,8
Aria,8
Arimatti,8
Arkko,8
Armi,8
Arnav,8
Arttu-Matti,8
Asadullah,8
Asif,8
Atef,8
Atticus,8
Aviel,8
Ayham,8
Babatunde,8
Bahri,8
Bailey,8
Baraa,8
Basim,8
Ben-Erik,8
Berkan,8
Bernardo,8
Bjorn,8
Blend,8
Bo-Anders,8
Bo-Gustav,8
Boran,8
Borhan,8
Brayan,8
Burim,8
Carel,8
Carl-Anton,8
Carl-Emil,8
Carl-Victor,8
Carl-Wilhelm,8
Cédric,8
Celal,8
Chau,8
Chung,8
Cimraan,8
Clement,8
Dávid,8
Davut,8
Dawda,8
Deng,8
Donat,8
Doron,8
Durim,8
Ebou,8
Edouard,8
Edric,8
Eewert,8
Egert,8
Eka,8
Ekko,8
Eko,8
Elija,8
Eman,8
Eris,8
Ermin,8
Ermir,8
Ersin,8
Esad,8
Esa-Heikki,8
Essam,8
Evren,8
Fahd,8
Faik,8
Farhaan,8
Farshid,8
Flavio,8
Franck,8
Frode,8
Gene,8
Gennadii,8
Gezim,8
Gino,8
Haarun,8
Habibullah,8
Hakeem,8
Hakki,8
Hannu-Petteri,8
Hannu-Tapio,8
Hanssi,8
Harras,8
Harri-Matti,8
Hasen,8
Hawre,8
Heljo,8
Henri-Petteri,8
Htoo,8
Iain,8
Ignacio,8
Iivu,8
Ikechukwu,8
Imer,8
Isaak,8
Isai,8
Ishan,8
Ishaq,8
Izet,8
Jaabir,8
Jaakko-Ilkka,8
Jabir,8
Jacek,8
Jackie,8
Jade,8
Jan-Fredrik,8
Janne-Joonas,8
Janne-Mikael,8
Jan-Ola,8
Jan-Olav,8
Jarkka,8
Jarl-Olof,8
Jarmo-Juhani,8
Jarne,8
Jaser,8
Jassu,8
Jean-Paul,8
Jemil,8
Jere-Joonas,8
Jericho,8
Jerico,8
Jia,8
Joda,8
Johnnie,8
Jón,8
Joonis,8
Joppe,8
Jorgos,8
Josue,8
Joutsi,8
Juho-Joonas,8
Juho-Veikko,8
Jukka-Antero,8
Juli,8
Jusif,8
Jussi-Antti,8
Jyri-Jukka,8
Kaarel,8
Kacper,8
Kadar,8
Kadri,8
Kain,8
Kaj-Gunnar,8
Kaj-Ole,8
Kalle-Heikki,8
Kamaran,8
Kamel,8
Karen,8
Kari-Markus,8
Kari-Veikko,8
Karl-Kristian,8
Karsten,8
Kasra,8
Kazi,8
Kero,8
Kiaan,8
Kid,8
Kimon,8
Konni,8
Kosar,8
Kumar,8
Lahoucine,8
Larbi,8
Lars-Christian,8
Lars-Mikael,8
Leewi,8
Lenno,8
Leo-Petteri,8
Levon,8
Liiam,8
Lo,8
Loghman,8
Lorens,8
Lorent,8
Lucio,8
Lyon,8
M.,8
Maciej,8
Maddox,8
Mahamuud,8
Mahesh,8
Maksimus,8
Markkus,8
Marley,8
Márton,8
Martti-Mikael,8
Marttin,8
Maslah,8
Matej,8
Mathew,8
Matti-Veikko,8
Mattus,8
Maximilien,8
Max-Mikael,8
Melih,8
Mervan,8
Micha,8
Michalis,8
Migel,8
Mihalis,8
Mihály,8
Mihkal,8
Mihkku,8
Miico,8
Miika-Petteri,8
Mikaël,8
Mika-Kristian,8
Miroel,8
Mohammadreza,8
Moris,8
Mousa,8
Murtadha,8
Mus'ab,8
Nahom,8
Najiib,8
Nehat,8
Nematullah,8
Nicodemus,8
Niilo-Pekka,8
Niko-Kristian,8
Niko-Matias,8
Nils-Eric,8
Nils-Henrik,8
Nir,8
Noak,8
Nuri,8
Nyrki,8
Oday,8
Oguz,8
Olaus,8
Olli-Petri,8
Olti,8
Omed,8
Onnimanni,8
Onni-Petteri,8
Oren,8
Orson,8
Oumar,8
Oussama,8
Ozzy,8
Peeta,8
Pena,8
Petka,8
Phong,8
Qusay,8
Rahmat,8
Raido,8
Raiyan,8
Raj,8
Raja,8
Rakan,8
Ramyar,8
Rana,8
Rashad,8
Raúl,8
Rawand,8
Rayane,8
Redouane,8
Reis,8
Ren,8
Reno,8
Rhys,8
Ricu,8
Roald,8
Roby,8
Rock,8
Rodolfo,8
Rohullah,8
Rolf-Erik,8
Roma,8
Routa,8
Rowan,8
Rubert,8
Russell,8
Saban,8
Saifullah,8
Salu,8
Sami-Juhani,8
Sami-Kalle,8
Samsa,8
Sandy,8
Saro,8
Saroj,8
Sasan,8
Sasu-Pekka,8
Saulo,8
Savas,8
Sayd,8
Seamus,8
Sefer,8
Shaban,8
Shah,8
Shamil,8
Sherko,8
Shorsh,8
Simen,8
Sky,8
Skyler,8
Sofian,8
Sorjo,8
Soufiane,8
Stanislaw,8
Stig-Ole,8
Suat,8
Subhan,8
Suhayb,8
Suresh,8
Sven-Eric,8
Sven-Åke,8
Sylvesteri,8
Taylor,8
Tero-Tapani,8
Tewodros,8
Thaer,8
Thim,8
Thony,8
Tibor,8
Tihon,8
Timofej,8
Timo-Tuomas,8
Torkel,8
Turan,8
Turgut,8
Tyyko,8
Ulf-Göran,8
Unik,8
Uri,8
Valerian,8
Vantte,8
Veele,8
Ville-Jaakko,8
Vilppo,8
Vincenzo,8
Visa-Valtteri,8
Vo,8
Voldemar,8
Väinä,8
Walentin,8
Wallu,8
Win,8
Wing,8
Ye,8
Yevhenii,8
Yohannes,8
Yunes,8
Yunis,8
Yves,8
Zebastian,8
Zeeshan,8
Ziggy,8
Özkan,8
A,7
Aaden,7
Aaro-Matti,7
Aaroni,7
Abdala,7
Abdelilah,7
Abdeljalil,7
Abdigani,7
Abdinur,7
Abdirashiid,7
Abdo,7
Abdulhamid,7
Abdulmajid,7
Adama,7
Adriatik,7
Ahsan,7
Akeem,7
Akito,7
Alexanteri,7
Amanj,7
Anastasios,7
Anian,7
Ansumana,7
Anteri,7
Antonin,7
Antti-Tuomas,7
Arad,7
Argjend,7
Argo,7
Arhippa,7
Ari-Antti,7
Arik,7
Arje,7
Aros,7
Arseniy,7
Arti,7
Arttu-Ville,7
Arturs,7
Arvind,7
Aser,7
Ashwin,7
Asil,7
Atanas,7
Ato,7
Augustus,7
Aweys,7
Ayanle,7
Aye,7
Aykut,7
Bach,7
Bart,7
Basri,7
Behrouz,7
Benn,7
Bent,7
Bishal,7
Bleron,7
Boes,7
Bo-Gunnar,7
Bora,7
Botond,7
Bouchaib,7
Boy,7
Caio,7
Carol,7
Chidi,7
Chukwuemeka,7
Claes-Göran,7
Clarence,7
Cornelius,7
Coskun,7
Cristofer,7
Cumhur,7
Damiel,7
Dane,7
Darko,7
Deeq,7
Devid,7
Djamel,7
Doan,7
Domenic,7
Duong,7
Ebbot,7
Edip,7
Edson,7
Edu,7
Edvar,7
Eedi,7
Eedvin,7
Eemili,7
Eenok,7
Eepu,7
Eicca,7
Eiden,7
Eijo,7
Ejvind,7
Ekin,7
Ennio,7
Enrik,7
Erdogan,7
Erik-Mikael,7
Erjo,7
Ermias,7
Eros,7
Esa-Jukka,7
Esa-Mikko,7
Esko-Juhani,7
Esko-Matti,7
Etvi,7
Evgenij,7
Ezzat,7
Fabien,7
Fatlum,7
Faustin,7
Ferid,7
Ferit,7
Filipe,7
Filippos,7
Foad,7
Fuat,7
Gentian,7
Gentrit,7
Gerd,7
Gianni,7
Gibril,7
Gopal,7
Guillaume,7
Guleed,7
Gusten,7
Gzim,7
Haashim,7
Hafiz,7
Haki,7
Halvar,7
Hamdan,7
Hammad,7
Hannu-Tapani,7
Haroon,7
Hassane,7
Hazar,7
Heigo,7
Heiko,7
Heka,7
Henryk,7
Hersh,7
Hesam,7
Hesse,7
Hilmi,7
Holden,7
Hozan,7
Hudson,7
Hugh,7
Iason,7
Ibragim,7
Ibrahima,7
Ifeanyi,7
Iika,7
Iiro-Matti,7
Iivan,7
Ildar,7
Ilker,7
Ilkka-Christian,7
Ilkka-Tapio,7
Illia,7
Ingo,7
Iqbal,7
Ishaaq,7
Isman,7
Istvan,7
Itai,7
Jaakkima,7
Jabbar,7
Jahangir,7
Jalil,7
Jan-Juhani,7
Janne-Kalle,7
Janne-Matias,7
Jannu,7
Jan-Otto,7
Jan-Petteri,7
Jan-Robert,7
Jan-Stefan,7
Jari-Tapani,7
Jarke,7
Jarkko-Petteri,7
Jarno-Pekka,7
Jaspar,7
Jasser,7
Jawid,7
Jean-Peter,7
Jeehu,7
Jehu,7
Jekku,7
Jere-Markus,7
Jeroen,7
Jin,7
Jiri-Pekka,7
Joey,7
Joni-Jussi,7
Jonis,7
Joris,7
Josep,7
Jouni-Petteri,7
Judah,7
Juha-Matias,7
Juha-Pentti,7
Juho-Erkki,7
Juho-Kustaa,7
Juice,7
Jukka-Sakari,7
Jukka-Veikko,7
Jukka-Veli,7
Jukka-Ville,7
Julias,7
Jussi-Tapio,7
Juuda,7
Jöran,7
Kadhim,7
Kai-Henrik,7
Kaj-Christian,7
Kalle-Matias,7
Kane,7
Kara,7
Kari-Petri,7
Karl-Emil,7
Karl-Gunnar,7
Kashif,7
Kassius,7
Kaur,7
Kayan,7
Kazim,7
Keivan,7
Kenji,7
Kenta,7
Keon,7
Khalif,7
Kim-Mikael,7
Kiyan,7
Kjell-Ove,7
Kolja,7
Kostiantyn,7
Ku,7
Kujtim,7
Landon,7
Laszlo,7
Lauri-Matias,7
Laurin,7
Lauri-Petteri,7
Laurus,7
Lawi,7
Lazaro,7
Leevi-Kalle,7
Leif-Johan,7
Lembit,7
Levan,7
Liang,7
Lincoln,7
Loa,7
Loay,7
Loisto,7
Lokman,7
Loran,7
Lore,7
Lucien,7
Maajid,7
Maco,7
Maikel,7
Mamdouh,7
Manolis,7
Mansuur,7
Marino,7
Matan,7
Matéo,7
Mati,7
Mats-Peter,7
Matti-Veli,7
Maurizio,7
Maverick,7
Meeko,7
Mehmed,7
Mero,7
Mesfin,7
Metehan,7
Micheal,7
Mido,7
Mihael,7
Miikka-Markus,7
Miikka-Pekka,7
Miikka-Petteri,7
Miikus,7
Mijo,7
Mika-Matias,7
Mika-Veli,7
Mikkal,7
Mikko-Aleksi,7
Miklo,7
Miko-Matti,7
Miro-Markus,7
Miro-Pekka,7
Mitchell,7
Moataz,7
Mohaimen,7
Mohamed-Amiin,7
Mohan,7
Mohsin,7
Mowliid,7
Mucad,7
Mudasir,7
Muktar,7
Muntadar,7
Mursal,7
Muuse,7
Myytti,7
Natnael,7
Nicolò,7
Nigel,7
Niio,7
Nikan,7
Nikla,7
Niko-Aleksi,7
Niko-Oskari,7
Nirmal,7
Nuuh,7
Obed,7
Odd,7
Oisín,7
Oka,7
Okku,7
Olalekan,7
Oleh,7
Olli-Markus,7
Olli-Matias,7
Olli-Veikka,7
Omri,7
Ontrei,7
Orges,7
Orik,7
Orjo,7
Orvar,7
Oski,7
Otto-Elias,7
Outa,7
Outi,7
Paavo-Petteri,7
Pan,7
Paris,7
Pasi-Heikki,7
Patricio,7
Peetter,7
Per-Ove,7
Perparim,7
Pii,7
Prakash,7
Putte,7
Pyry-Matti,7
Qusai,7
Rabah,7
Radwan,7
Rae,7
Raffaele,7
Ragip,7
Raif,7
Rakesh,7
Rami-Petteri,7
Rasheed,7
Rauf,7
Rauli-Pekka,7
Redon,7
Reemi,7
Reeo,7
Rehan,7
Reinhard,7
Renee,7
Resul,7
Reyansh,7
Rikhart,7
Riku-Antti,7
Rinat,7
Riza,7
Róbert,7
Roderick,7
Rohit,7
Roniel,7
Rostam,7
Rovan,7
Ruuno,7
Ruurik,7
Ryder,7
Saadaq,7
Sadiiq,7
Sagar,7
Sahal,7
Sahel,7
Saied,7
Sainey,7
Sajid,7
Sakkeus,7
Salama,7
Samael,7
Samar,7
Sami-Heikki,7
Sami-Markus,7
Sami-Mikael,7
Samipekka,7
Samvel,7
Sanfrid,7
Santosh,7
Santtu-Matti,7
Sarno,7
Semjon,7
Senol,7
Seydou,7
Shafici,7
Shahriar,7
Shalom,7
Shamal,7
Shay,7
Shefqet,7
Shoaib,7
Si,7
Sidney,7
Simo-Samuli,7
Simo-Veikko,7
Sipri,7
Slawomir,7
Son,7
Soroush,7
Stan,7
Star,7
Steffan,7
Stenka,7
Stergios,7
Stiven,7
Suad,7
Sudais,7
Sujan,7
Suleymaan,7
Surya,7
Sven-Gustav,7
Søren,7
Tadeusz,7
Tahmid,7
Taif,7
Tal,7
Tamir,7
Tanveer,7
Tare,7
Tarkan,7
Teemu-Tapio,7
Teiko,7
Teno,7
Téo,7
Tepi,7
Than,7
Tiam,7
Timo-Petri,7
Timotei,7
Timo-Ville,7
Tomi-Juhani,7
Tomi-Jussi,7
Tom-Mikael,7
Tong,7
Tõnis,7
Toni-Ville,7
Topi-Petteri,7
Tor-Leif,7
Turgay,7
Ulf-Peter,7
Usva,7
Uthman,7
Vaatu,7
Valton,7
Veeti-Viljami,7
Venkata,7
Vesa-Jaakko,7
Vesa-Juhani,7
Vesa-Markus,7
Vesteri,7
Vikki,7
Vili-Eemeli,7
Vili-Matti,7
Vilkku,7
Ville-Henrik,7
Ville-Pentti,7
Ville-Verneri,7
Vinston,7
Voltti,7
Vuk,7
Wahab,7
Waltti,7
Warsame,7
Wassim,7
Weli,7
Wiking,7
Williams,7
Willjam,7
Xhavit,7
Yaman,7
Ylber,7
Yoni,7
Yurii,7
Zac,7
Zagros,7
Zaman,7
Zeljko,7
Zeyad,7
Ämir,7
Aadan,6
Aadil,6
Aapa,6
Aapel,6
Aarón,6
Aatu-Oskari,6
Abdelhak,6
Abderahman,6
Abdifitah,6
Abdijabar,6
Abdikafi,6
Abdikariin,6
Abdiladif,6
Abdiqadar,6
Abdirazak,6
Abdirizaq,6
Abdisalaan,6
Abdiwahid,6
Abdulgadir,6
Abduqadir,6
Abhinav,6
Abhishek,6
Abiodun,6
Abram,6
Abubacarr,6
Abubakr,6
Abuukar,6
Ace,6
Achille,6
Achraf,6
Acke,6
Ádám,6
Adebayo,6
Adedayo,6
Adeel,6
Adeola,6
Adeyemi,6
Adin,6
Ado,6
Agit,6
Agust,6
Ahad,6
Aitor,6
Akar,6
Akash,6
Akilles,6
Aki-Markus,6
Akipekka,6
Ákos,6
Aku-Kimmo,6
Aku-Matias,6
Aku-Oskari,6
Aldur,6
Alem,6
Alfa,6
Alisina,6
Almin,6
Almo,6
Alo,6
Amandeep,6
Amarjit,6
Ameen,6
Amen,6
Amgad,6
Amirhossein,6
Ammaar,6
Ánde,6
Andro,6
Anir,6
António,6
Antonius,6
Antrei,6
Antti-Aleksi,6
Antti-Eemil,6
Antti-Ilmari,6
Antti-Juhana,6
Antti-Kustaa,6
Antti-Markus,6
Anttony,6
Anup,6
Aramis,6
Arijan,6
Ari-Kalle,6
Ari-Kristian,6
Ari-Mikael,6
Ari-Seppo,6
Ariyan,6
Arnel,6
Arpo,6
Arran,6
Arshan,6
Artemiy,6
Arttu-Petteri,6
Ashley,6
Ashok,6
Athos,6
Atif,6
Atila,6
Atte-Petteri,6
Atte-Ville,6
Atti,6
Aung,6
Avar,6
Aviv,6
Avraham,6
Ayomide,6
Ayoob,6
Azem,6
Azlan,6
Bahoz,6
Bai,6
Bakar,6
Balen,6
Bardia,6
Bence,6
Benedikt,6
Bengt-Göran,6
Bengt-Johan,6
Beniamin,6
Benito,6
Bentley,6
Bero,6
Besian,6
Bijan,6
Binyamin,6
Bishnu,6
Bo-Håkan,6
Bo-Johan,6
Brendon,6
Bubacarr,6
Caesar,6
Cahit,6
Carl-Peter,6
Cayden,6
Cenk,6
Cenneth,6
Chandra,6
Cheng,6
Chidera,6
Chimezie,6
Christiano,6
Cimi,6
Ciprian,6
Claes-Henrik,6
Clas-Erik,6
Cliff,6
Clifford,6
Corey,6
Cristoffer,6
Daani,6
Dale,6
Daniyal,6
Dan-Mikael,6
Danne,6
Danyar,6
Daryoush,6
Davinder,6
Davit,6
Dawood,6
Devansh,6
Devon,6
Diamant,6
Dillon,6
Dilshad,6
Donart,6
Donny,6
Donovan,6
Dragan,6
Edoardo,6
Eelu,6
Eepo,6
Eero-Antti,6
Eero-Heikki,6
Eero-Juhani,6
Eero-Matias,6
Eetu-Kalle,6
Eino-Matti,6
Elai,6
Elsayed,6
Elvedin,6
Emanuele,6
Emilien,6
Emirhan,6
Endi,6
Enea,6
Enki,6
Enzio,6
Ephraim,6
Eppe,6
Eppu-Oskari,6
Era,6
Erkka-Ville,6
Erkki-Juhani,6
Ermal,6
Ero,6
Esa-Veikko,6
Esko-Pekka,6
Fadhil,6
Fahrudin,6
Fallou,6
Fawzi,6
Fazal,6
Feeti,6
Festim,6
Festus,6
Fidaim,6
Florin,6
Foday,6
François,6
Fuaad,6
Gaël,6
Gaspard,6
Gaston,6
Gent,6
Geo,6
Ghazwan,6
Giancarlo,6
Gianmarco,6
Gilad,6
Giorgos,6
Godwin,6
Graeme,6
Graham,6
Greg,6
Guilherme,6
Günther,6
Hafid,6
Haiku,6
Hakam,6
Hamad,6
Hameed,6
Hamzeh,6
Hans-Mikael,6
Harding,6
Harem,6
Harith,6
Harri-Petteri,6
Harri-Tapio,6
Hashir,6
Haytham,6
Hazhar,6
Heikki-Mikael,6
Heikki-Petteri,6
Heikki-Veli,6
Henok,6
Henri-Markus,6
Hieu,6
Hilpi,6
Hjalte,6
Hoa,6
Hossam,6
Hudeifa,6
Humam,6
Humberto,6
Håkon,6
Idrees,6
Idriss,6
Iggy,6
Ilkay,6
Ilkka-Matti,6
Indra,6
Inti,6
Iraj,6
Itamar,6
Iver,6
Iyed,6
Jaakko-Veikko,6
Jaaro,6
Jacky,6
Jahja,6
Jahje,6
Jamaal,6
Jamin,6
Jammi,6
Jammu,6
Janar,6
Jan-Axel,6
Jan-Daniel,6
Jani-Aleksi,6
Jani-Erik,6
Jani-Henrik,6
Jani-Tapio,6
Janiv,6
Jan-Marcus,6
Janne-Jukka,6
Janne-Kristian,6
Janne-Tapio,6
Jarel,6
Jari-Seppo,6
Jari-Vesa,6
Jarkko-Matti,6
Jase,6
Jasi,6
Jassin,6
Jatro,6
Javed,6
Jean-Erik,6
Jean-Pierre,6
Jeemil,6
Jera,6
Jere-Kristian,6
Jeriel,6
Jesse-Joonatan,6
Jesse-Julius,6
Jhon,6
Jilo,6
Johan-Henrik,6
Jokko,6
Joni-Mikko,6
Joni-Oskari,6
Joni-Ville,6
Joona-Aleksi,6
Joona-Mikael,6
Joona-Oskari,6
Jooni,6
Jordi,6
Jose-Pekka,6
Jouni-Tapio,6
József,6
Juho-Eerik,6
Juho-Markus,6
Juho-Olli,6
Juho-Perttu,6
Juho-Petri,6
Juho-Santeri,6
Juho-Valtteri,6
Junes,6
Junus,6
Jurii,6
Jussi-Eemeli,6
Jussi-Mikael,6
Juuso-Matti,6
Juuso-Ville,6
Jyri-Ville,6
Kaarl,6
Kader,6
Kai-Heikki,6
Kaitsu,6
Kaj-Göran,6
Kaj-Håkan,6
Kaj-Markus,6
Kali,6
Kalle-Aleksi,6
Kallepekka,6
Kaon,6
Kari-Erik,6
Kari-Veli,6
Karl-August,6
Karl-Eric,6
Karl-Göran,6
Karl-Markus,6
Kaya,6
Kayode,6
Kettil,6
Khai,6
Khanh,6
Khattab,6
Kiarash,6
Killian,6
Kimi-Petteri,6
Kin,6
Koray,6
Kourosh,6
Kreshnik,6
Kristijan,6
Krisztián,6
Kron,6
Kuldeep,6
Kwaku,6
Kyrö,6
Lai,6
Lari-Markus,6
Lars-Gunnar,6
Las,6
Lassi-Matias,6
Lassi-Petteri,6
Laurence,6
Laurens,6
Lauri-Veikko,6
Lawin,6
Leevi-Eemeli,6
Leifi,6
Leutrim,6
Li,6
Loren,6
Luay,6
Ly,6
Magdi,6
Maged,6
Magomed,6
Mahamad,6
Mahmod,6
Maksimilian,6
Maksymilian,6
Man,6
Manjit,6
Markku-Tapio,6
Marten,6
Martti-Juhani,6
Matei,6
Mathéo,6
Mathis,6
Matías,6
Matti-Eemeli,6
Matz,6
Mauri-Antero,6
Mauri-Pekka,6
Maximiliano,6
Mayar,6
Mazhar,6
Med,6
Meir,6
Mensur,6
Mesbah,6
Michelangelo,6
Micki,6
Mielo,6
Miikku,6
Mika-Antero,6
Mikko-Heikki,6
Mikko-Markus,6
Miklós,6
Miko-Markus,6
Miko-Petteri,6
Mikos,6
Mina,6
Minos,6
Mionel,6
Miraç,6
Mircea,6
Mirek,6
Mirnes,6
Misko,6
Mladen,6
Mohamoud,6
Mohd,6
Mon,6
Moulay,6
Mowlid,6
Mubashar,6
Mubin,6
Mukhtaar,6
Muqtar,6
Musaab,6
Mushtaq,6
Muusa,6
Muzamil,6
Mykhaylo,6
Myles,6
Naattan,6
Nabaz,6
Nabin,6
Naeem,6
Naji,6
Nart,6
Nasri,6
Nedal,6
Nevin,6
Nghia,6
Niaz,6
Nicki,6
Nicolaus,6
Nico-Pekka,6
Nihal,6
Niiko,6
Nik,6
Nika,6
Niko-Juhani,6
Niko-Teemu,6
Nilas,6
Nils-Christian,6
Nils-Emil,6
Nils-Åke,6
Noman,6
Nooah,6
Nurettin,6
Nuuradiin,6
Obi,6
Oguzhan,6
Okko-Pekka,6
Olai,6
Olli-Jaakko,6
Olli-Sakari,6
Olli-Tuomas,6
Oluwaseun,6
Onni-Elias,6
Onni-Ville,6
Ooke,6
Or,6
Oras,6
Osmi,6
Oso,6
Otro,6
Otto-Aleksi,6
Ottu,6
Oula-Antti,6
Oulas,6
Ovidiu,6
Paco,6
Pak,6
Parham,6
Pasi-Jukka,6
Pauli-Pekka,6
Payam,6
Payman,6
Peiman,6
Pekka-Eemeli,6
Pekka-Veikko,6
Pekki,6
Pele,6
Per-Ola,6
Petri-Tapani,6
Pham,6
Piera,6
Poika,6
Pouria,6
Pouta,6
Pål,6
Pär-Olof,6
Quentin,6
Rabih,6
Rabin,6
Radi,6
Rahand,6
Raheem,6
Railo,6
Ralf-Erik,6
Ramez,6
Ramtin,6
Raune,6
Rawad,6
Reagan,6
Reco,6
Reece,6
Rémy,6
Rento,6
Renzo,6
Richardo,6
Rikke,6
Riku-Jussi,6
Riku-Matias,6
Riku-Oskari,6
Rizgar,6
Rizwan,6
Rober,6
Roberth,6
Rohat,6
Roj,6
Ronie,6
Ronin,6
Ronn,6
Roo,6
Rubén,6
Rubin,6
Sa'ad,6
Sadri,6
Sager,6
Sahir,6
Salvador,6
Samad,6
Samae,6
Sameh,6
Sami-Tapio,6
Samuil,6
Sanel,6
Saqib,6
Sasu-Matti,6
Sasu-Petteri,6
Sattar,6
Sauvo,6
Seem,6
Sepi,6
Sercan,6
Seri,6
Serko,6
Severin,6
Severus,6
Shahrokh,6
Shai,6
Sherzad,6
Shiva,6
Shlomo,6
Shpend,6
Signar,6
Sipo,6
Siraj,6
Sivan,6
Skye,6
Smail,6
Sofia,6
Sorri,6
Sri,6
Stig-Björn,6
Stig-Johan,6
Sturle,6
Suhail,6
Suheil,6
Suleman,6
Suune,6
Sven-Göran,6
Svyatoslav,6
Tari,6
Teino,6
Teljo,6
Tervo,6
Tesfaye,6
Theodoros,6
Thierry,6
Thilo,6
Thor-Björn,6
Tiar,6
Tiikka,6
Tiit,6
Timmie,6
Timmo,6
Timo-Antti,6
Timo-Mikko,6
Timppa,6
Tolga,6
Tomi-Kristian,6
Tomi-Petri,6
Tomi-Tapio,6
Toni-Tapani,6
Topia,6
Toufik,6
Trim,6
Truls,6
Tuuri,6
Uday,6
Ukko-Matti,6
Umed,6
Uriel,6
Urs,6
Valentine,6
Valerio,6
Valtu,6
Vasil,6
Vasile,6
Vasko,6
Veli-Mies,6
Veli-Sakari,6
Venner,6
Verno,6
Vesa-Jussi,6
Vesa-Markku,6
Vesapekka,6
Vesse,6
Vigo,6
Vilde,6
Vile,6
Vilho-Valtteri,6
Vilias,6
Vili-Santeri,6
Vili-Waltteri,6
Vilke,6
Ville-Petri,6
Ville-Santeri,6
Ville-Vertti,6
Villy,6
Vilmos,6
Vilpertti,6
Vini,6
Vittorio,6
Vivek,6
Väinämö,6
Väinö-Valtteri,6
Ward,6
Welmeri,6
Wesa,6
Wesam,6
Wilbur,6
Wilko,6
Willie,6
Wissam,6
Woitto,6
Yaasiin,6
Yadgar,6
Yakov,6
Yakub,6
Yama,6
Yang,6
Yani,6
Yashar,6
Yasiin,6
Yehia,6
Yehonatan,6
Yong,6
Yotam,6
Younas,6
Yrjö-Pekka,6
Yukio,6
Zach,6
Zaur,6
Zbigniew,6
Zheng,6
Zhi,6
Zidan,6
Zlatan,6
Zohaib,6
Zubeir,6
Änäs,6
Önder,6
Aadit,5
Aage,5
Aamer,5
Aamon,5
Aariv,5
Aariz,5
Abdelhafid,5
Abderrazak,5
Abdiasiis,5
Abdiaziiz,5
Abdihafid,5
Abdimajid,5
Abdinajib,5
Abdirahiim,5
Abdi-Rahman,5
Abdisalaam,5
Abdishakuur,5
Abdiwahaab,5
Abdol,5
Abdu,5
Abdula,5
Abdulazeez,5
Abdulkareem,5
Abdullatif,5
Abdulrahim,5
Abdurahim,5
Abdurrahim,5
Abid,5
Adedeji,5
Adekunle,5
Ademola,5
Adnane,5
Adyan,5
Afonso,5
Ahnaf,5
Ain,5
Aiub,5
Aki-Juhani,5
Aku-Kalle,5
Aladin,5
Alber,5
Aleksandrs,5
Aleksi-Matias,5
Alija,5
Almar,5
Alonzo,5
Alparslan,5
Alrik,5
Amanullah,5
Amedeo,5
Amil,5
Anass,5
Anatoliy,5
Andras,5
Andrè,5
Andrian,5
Anish,5
Anselmo,5
Anssi-Jukka,5
Antar,5
Anthoni,5
Antonino,5
Antro,5
Ants,5
Antti-Johannes,5
Antti-Kalle,5
Anttimatti,5
Antti-Tapani,5
Aous,5
Ardalan,5
Arianit,5
Arias,5
Arie,5
Ari-Jaakko,5
Ari-Kalevi,5
Arild,5
Ari-Markus,5
Arish,5
Arkady,5
Arko,5
Arndt,5
Árpád,5
Arsan,5
Arshia,5
Arska,5
Arssi,5
Arto-Matti,5
Ask,5
Asko-Pekka,5
Asmir,5
Atheer,5
Atte-Eemeli,5
Aulo,5
Aurelius,5
Auron,5
Avery,5
Awad,5
Ayyub,5
Azaan,5
Azim,5
Bahaa,5
Bahattin,5
Bakari,5
Bareq,5
Barnabas,5
Basir,5
Bassel,5
Bawer,5
Beau,5
Bedirhan,5
Benaja,5
Benne,5
Bennett,5
Beppe,5
Berhane,5
Besar,5
Besfort,5
Besmir,5
Betim,5
Bewar,5
Bikash,5
Biniam,5
Binod,5
Birol,5
Bleon,5
Blerton,5
Blessing,5
Blin,5
Bo-Eric,5
Bohdan,5
Bo-Henrik,5
Bosco,5
Bowen,5
Brent,5
Briar,5
Bror-Åke,5
Bryn,5
Bünyamin,5
Byron,5
Caijus,5
Caj-Olof,5
Carl-Oskar,5
Carl-Otto,5
Carmelo,5
Cash,5
Çetin,5
Charl,5
Cheikh,5
Cherif,5
Chibuike,5
Chinedum,5
Chol,5
Choman,5
Chun,5
Clas-Henrik,5
Clas-Åke,5
Clayton,5
Clément,5
Coby,5
Colt,5
Colton,5
Constantine,5
Constantinos,5
Cristopher,5
Cuong,5
Dahen,5
Dalmar,5
Dalton,5
Danar,5
Danijel,5
Dan-Olof,5
Danyel,5
Dariel,5
Dat,5
Dayan,5
Derick,5
Dhruv,5
Dieter,5
Diler,5
Dimitrij,5
Dinesh,5
Dio,5
Dony,5
Dustin,5
Dzenan,5
Dzevad,5
Dzmitry,5
Edil,5
Edo,5
Eduart,5
Eedis,5
Eero-Oskari,5
Eetu-Eemeli,5
Eetu-Elmeri,5
Eetu-Matias,5
Eetu-Mikael,5
Eetu-Valtteri,5
Eino-Aleksi,5
Eino-Olli,5
Eino-Ville,5
Eke,5
Elad,5
Eleftherios,5
Elham,5
Eliahu,5
Eljan,5
Eloy,5
Elvir,5
Endel,5
Ender,5
Enssi,5
Eran,5
Erez,5
Ergo,5
Erkki-Sakari,5
Erlend,5
Erto,5
Esa-Juhani,5
Esau,5
Esa-Veli,5
Everett,5
Eyad,5
Eyob,5
Eyüp,5
Faarah,5
Fabrice,5
Fabrizio,5
Fadel,5
Fady,5
Faiz,5
Faizan,5
Farbod,5
Fawad,5
Fawaz,5
Femi,5
Feng,5
Feras,5
Fergus,5
Fethi,5
Feysal,5
Flego,5
Fortune,5
Francois,5
Franklyn,5
Frans-Eemil,5
Frans-Oscar,5
Fraser,5
Frederic,5
Fredy,5
Frejvid,5
Gad,5
Gadi,5
Gagan,5
Gal,5
Ganesh,5
Gard,5
Gareth,5
Garth,5
Gautam,5
Gavriil,5
Genc,5
Gergely,5
Ghali,5
Gilberto,5
Giorgi,5
Giorgio,5
Godfrey,5
Godswill,5
Grayson,5
Gui,5
Güner,5
Günter,5
Gyula,5
Habibollah,5
Haim,5
Hajrudin,5
Halim,5
Hami,5
Hamidreza,5
Hannu-Matias,5
Hans-Christer,5
Hansel,5
Hans-Jürgen,5
Hans-Ole,5
Harel,5
Harpreet,5
Harri-Juhani,5
Harry-Pekka,5
Hartte,5
Haruun,5
Hasim,5
Hatim,5
Haukar,5
Hemin,5
Henrick,5
Henrique,5
Hentry,5
Hero,5
Hewa,5
Hichem,5
Hiro,5
Hiskias,5
Hoàng,5
Honar,5
Hook,5
Hosni,5
Houssam,5
Howard,5
Hubertus,5
Hunor,5
Huseen,5
Huseyin,5
Husni,5
Huud,5
Huvi,5
Idor,5
Idrissa,5
Ihor,5
Ilarion,5
Ilmi,5
Ilves,5
Imed,5
Indy,5
Ira,5
Ismaan,5
Isuf,5
Iván,5
Iwan,5
Izzet,5
Jaad,5
Jaakoppi,5
Jaatu,5
Jacopo,5
Jadon,5
Jahvetti,5
Jai,5
Jaiden,5
Jairi,5
Jami-Pekka,5
Janec,5
Jan-Henry,5
Jan-Matias,5
Janne-Antti,5
Janne-Petri,5
Jan-Oskar,5
Jan-Petri,5
Jan-Petter,5
Janvier,5
Jari-Marko,5
Jarno-Juhani,5
Jaroslaw,5
Jasmir,5
Jean-Claude,5
Jean-Michel,5
Jed,5
Jeetu,5
Jefim,5
Jekki,5
Jelmer,5
Jens-Erik,5
Jenson,5
Jered,5
Jérémie,5
Jere-Santeri,5
Jerreh,5
Jeter,5
Jeve,5
Jibreel,5
Joaquim,5
Johan-Kristian,5
John-Peter,5
Jonathon,5
Jonel,5
Jon-Henrik,5
Joni-Jukka,5
Jonimatti,5
Joni-Santeri,5
Jonn,5
Joon,5
Joona-Kristian,5
Joram,5
Josh,5
Josué,5
Jovnna,5
Juel,5
Juha-Kalle,5
Juho-Lauri,5
Juho-Otto,5
Juke,5
Jukka-Joonas,5
Jukkamatti,5
Jussi-Oskari,5
Jussi-Tapani,5
Jussi-Veikko,5
Juuso-Valtteri,5
Jyrki-Petteri,5
Jöns,5
Kaaro,5
Kail,5
Kai-Peter,5
Kaj-Anders,5
Kaj-Christer,5
Kaj-Eric,5
Kaj-Kristian,5
Kaj-Peter,5
Kallas,5
Kalle-Erik,5
Kalle-Hermanni,5
Kalle-Kustaa,5
Kalle-Samuli,5
Kalle-Tapani,5
Kam,5
Kamiran,5
Karem,5
Kari-Antero,5
Kari-Heikki,5
Kari-Kristian,5
Karl-Fredrik,5
Karli,5
Karpo,5
Karthik,5
Kasem,5
Kastor,5
Kauro,5
Keke,5
Kennedy,5
Kent-Johan,5
Keny,5
Keven,5
Kévin,5
Keyse,5
Keyvan,5
Khadim,5
Khalifa,5
Khodadad,5
Kide,5
Kimmo-Juhani,5
Kimmo-Pekka,5
Kinan,5
King,5
Kingston,5
Kirk,5
Kjell-Johan,5
Klaes,5
Klaus-Peter,5
Kobi,5
Komar,5
Krasimir,5
Krenar,5
Kristóf,5
Kurre,5
Kwan,5
Ky,5
Kyan,5
Kyaw,5
Lang,5
Lari-Antti,5
Lari-Mikko,5
Laripekka,5
Lars-Gustav,5
Laurenz,5
Lauri-Heikki,5
Lauri-Johannes,5
Lauripekka,5
Lauri-Ville,5
Leri,5
Lewi,5
Linh,5
Lis,5
Lorian,5
Lucky,5
M,5
Maalik,5
Maamar,5
Maarten,5
Mads,5
Magan,5
Magdy,5
Magne,5
Mahammad,5
Mahin,5
Majdi,5
Makwan,5
Malvin,5
Manish,5
Manu-Pekka,5
Márk,5
Marko-Kristian,5
Maro,5
Marouan,5
Mars,5
Marti,5
Martins,5
Martti-Pekka,5
Maruan,5
Mateen,5
Matheos,5
Maximos,5
Maxmilian,5
Maxton,5
MD,5
Memet,5
Memo,5
Michell,5
Mietti,5
Miha,5
Miika-Juhani,5
Miikka-Aleksi,5
Miikko,5
Miitrei,5
Miitro,5
Mikaeli,5
Mikko-Ilmari,5
Mikko-Johannes,5
Mikko-Sakari,5
Mikko-Veli,5
Mikla,5
Milas,5
Milen,5
Mirhat,5
Miró,5
Moaz,5
Mobin,5
Mohamuud,5
Mohit,5
Monty,5
Mortada,5
Moshe,5
Muadh,5
Mudassar,5
Muhudiin,5
Mundher,5
Muntadher,5
Musamil,5
Mussa,5
Muzammil,5
Märt,5
Naeim,5
Narek,5
Naresh,5
Naseer,5
Nassir,5
Natthaphon,5
Nawaf,5
Nawzad,5
Nay,5
Neel,5
Neero,5
Nehemia,5
Nels,5
Netanel,5
Neville,5
Nezir,5
Ngo,5
Niillas,5
Nikanor,5
Niko-Erik,5
Niko-Jussi,5
Niko-Mikael,5
Niko-Santeri,5
Niko-Tapio,5
Niko-Valtteri,5
Niku-Petteri,5
Niky,5
Ninos,5
Nizam,5
Nnamdi,5
Noh,5
Nor,5
Nouh,5
Noyan,5
Numan,5
Nyyti,5
Obaid,5
Obaida,5
Octavio,5
Oden,5
Odert,5
Ofek,5
Ognjen,5
Olakunle,5
Olev,5
Olexandr,5
Olivér,5
Olli-Aleksi,5
Olli-Valtteri,5
Olmo,5
Olufemi,5
Oluwasegun,5
Onni-Eemil,5
Onni-Hermanni,5
Onnipekka,5
Onni-Veikka,5
Onni-Veikko,5
Orestis,5
Ori,5
Osei,5
Osse,5
Ossi-Matti,5
Ossy,5
Osvaldo,5
Otra,5
Otso-Pekka,5
Otto-Matti,5
Ousainou,5
Owais,5
Paavo-Matti,5
Paavo-Pekka,5
Palle,5
Panajotis,5
Pasi-Juhani,5
Pasi-Markus,5
Pawan,5
Peetus,5
Pekka-Matti,5
Pekka-Tapio,5
Peng,5
Pentti-Juhani,5
Peo,5
Pera,5
Per-Mikael,5
Petri-Markus,5
Phu,5
Pierce,5
Pieter,5
Pius,5
Poyraz,5
Prabin,5
Pravin,5
Predrag,5
Qaasim,5
Qahtan,5
Qays,5
Rabi,5
Rafail,5
Rafat,5
Rafe,5
Raffaello,5
Rahel,5
Raian,5
Raiden,5
Raiku,5
Rajiv,5
Raku,5
Rami-Matti,5
Ramo,5
Raouf,5
Rasa,5
Rashed,5
Rasit,5
Ratmir,5
Ravil,5
Reettu,5
Reginald,5
Reipas,5
Resat,5
Richmond,5
Riemu,5
Rifat,5
Rihard,5
Riio,5
Rijad,5
Riku-Juhani,5
Riku-Mikko,5
Rishi,5
Risto-Juhani,5
Rizvan,5
Rogert,5
Rolan,5
Roméo,5
Roni-Mikael,5
Roni-Pekka,5
Ronit,5
Ronne,5
Roope-Rasmus,5
Roozbeh,5
Rori,5
Rossi,5
Rrahim,5
Rudolph,5
Ruuti,5
Saacid,5
Saami,5
Saamo,5
Sabin,5
Sadeq,5
Safar,5
Saihou,5
Saku-Mikko,5
Salad,5
Samiar,5
Samiel,5
Sami-Henrik,5
Sami-Jaakko,5
Samil,5
Samim,5
Sami-Sebastian,5
Sami-Tapani,5
Sami-Veikko,5
Sammi,5
Samu-Matti,5
Sanjeev,5
Santos,5
Santtu-Petteri,5
Sarim,5
Sarkaut,5
Sava,5
Séan,5
Sebastiano,5
Seedy,5
Sehmus,5
Seikko,5
Selçuk,5
Selman,5
Selmi,5
Sepehr,5
Sergiu,5
Setri,5
Sever,5
Sezgin,5
Shaafici,5
Shahar,5
Shaip,5
Shams,5
Shan,5
Shankar,5
Shannon,5
Sherwan,5
Shpetim,5
Siddharth,5
Silmu,5
Simón,5
Simo-Sakari,5
Simo-Ville,5
Sirus,5
Sisu-Petteri,5
Siyaad,5
Skylar,5
Slim,5
Soe,5
Sole,5
Soltan,5
Sondre,5
Sora,5
Spiridon,5
Spiros,5
Stelios,5
Stewart,5
Stig-Henrik,5
Subeer,5
Sudeys,5
Suheb,5
Sulejman,5
Suliman,5
Susi,5
Svein,5
Sylejman,5
Sysi,5
Ta,5
Tahar,5
Tahsin,5
Taiga,5
Talib,5
Tawan,5
Tayyab,5
Teddie,5
Teemu-Eemeli,5
Teemu-Oskari,5
Teemu-Santeri,5
Teemu-Tapani,5
Teho,5
Teivo,5
Tero-Antti,5
Tero-Heikki,5
Tero-Juhani,5
Tero-Markus,5
Tero-Petri,5
Thom,5
Timo-Markus,5
Timo-Olli,5
Timopekka,5
Tintti,5
Tobi,5
Toivo-Olavi,5
Toivo-Pekka,5
Tom-Christian,5
Tome,5
Tomi-Heikki,5
Tomi-Jukka,5
Tomislav,5
Tommi-Tapio,5
Toni-Erik,5
Topi-Antti,5
Topi-Oskari,5
Topi-Valtteri,5
Toprak,5
Tor-Gunnar,5
Trey,5
Trond,5
Tu,5
Tufan,5
Tuna,5
Tunna,5
Tuomas-Petteri,5
Tuuka,5
Tuukka-Matias,5
Tuukka-Pekka,5
Ty,5
Ubbe,5
Uffe,5
Ui,5
Ukko-Veikko,5
Ulf-Johan,5
Umair,5
Umer,5
Unai,5
Unne,5
Urmo,5
Usaama,5
Utti,5
Uuri,5
Uyi,5
Vahur,5
Valdet,5
Valdrin,5
Valtari,5
Valtte,5
Vante,5
Vasco,5
Vedad,5
Veeti-Waltteri,5
Veikka-Pekka,5
Veikko-Matti,5
Veikko-Pekka,5
Velho,5
Veli-Juha,5
Veli-Viljami,5
Veljo,5
Venno,5
Vernon,5
Vesku,5
Veysel,5
Veysi,5
Vicktor,5
Vihtor,5
Vijay,5
Viku,5
Viljar,5
Vilkka,5
Villem,5
Ville-Paavo,5
Ville-Väinö,5
Vilson,5
Vimme,5
Vinny,5
Vinod,5
Vitalij,5
Väinö-Viljami,5
Waqar,5
Waseem,5
Wenzel,5
Wille-Veikko,5
Witold,5
Xhafer,5
Y,5
Yacin,5
Yad,5
Yair,5
Yanis,5
Yari,5
Yaron,5
Yaw,5
Yaya,5
Yi,5
Ying,5
Yiu,5
Yoda,5
Yohan,5
Yones,5
Yosuf,5
Yusupha,5
Yücel,5
Zafar,5
Zaher,5
Zan,5
Zen,5
Zia,5
Zimi,5
Ziya,5
Zola,5
Zubayr,5
